0,la rioja sucesos.xml
1,internet.xml
2,psicologia.xml
3,futbol femenino.xml
4,doca informa.xml
5,seccion nacional.xml
6,planes.xml
7,mas deportes.xml
8,la receta.xml
9,catas.xml
10,cartas al director.xml
11,alimentacion.xml
12,padres e hijos.xml
13,vino riojano.xml
14,ciencia.xml
15,moda.xml
16,vivienda.xml
17,fotos.xml
18,mercados.xml
19,haro.xml
20,tv.xml
21,embarazo.xml
22,canal esqui.xml
23,talento.xml
24,musica.xml
25,cultura cine.xml
26,enologia.xml
27,dia de la mujer.xml
28,culturas.xml
29,mi pueblo es el mejor.xml
30,economia riojana.xml
31,sociedad educacion.xml
32,descubre.xml
33,loteria.xml
34,vino fotos.xml
35,portada.xml
36,santo domingo.xml
37,bodegas.xml
38,vino golf.xml
39,asia.xml
40,gadgets.xml
41,arnedo.xml
42,premios goya.xml
43,pensiones.xml
44,europeas.xml
45,juegos olimpicos.xml
46,estados unidos.xml
47,medios.xml
48,empresas tecnologicas.xml
49,la butaca.xml
50,logro単o digital.xml
51,najera.xml
52,tapas.xml
53,sabemos de.xml
54,sociedad.xml
55,viticultura.xml
56,motor.xml
57,sabor del vino.xml
58,bebes.xml
59,el tiempo.xml
60,internacional.xml
61,nuestra europa.xml
62,en accion.xml
63,fiscalidad.xml
64,africa.xml
65,educacion.xml
66,ciclismo.xml
67,cine.xml
68,oriente proximo.xml
69,pelota.xml
70,seccion motor.xml
71,san bernabe.xml
72,digitales.xml
73,economia digital.xml
74,fuerzas armadas logro単o.xml
75,economia.xml
76,nuestra gente.xml
77,calahorra.xml
78,autonomicas municipales.xml
79,media maraton la rioja.xml
80,40 aniversario constitucion.xml
81,banca.xml
82,loteria navidad.xml
83,series tv.xml
84,madrid fusion.xml
85,alfaro.xml
86,experiencias.xml
87,futbol.xml
88,comarcas.xml
89,baloncesto.xml
90,vino agenda.xml
91,planes de viaje.xml
92,transformacion digital.xml
93,secuencia perfecta.xml
94,correr.xml
95,tecnologia.xml
96,arte.xml
97,el ni単o.xml
98,trabajo.xml
99,noches de vino dias de rioja.xml
100,san mateo.xml
101,ultima-hora.xml
102,en rodaje.xml
103,tecnologia e investigacion.xml
104,economia motor.xml
105,la recomendacion.xml
106,sociedad salud.xml
107,cartas de opinion.xml
108,la rioja fiestas.xml
109,25 aniversario juegos olimpicos barcelona 1992.xml
110,deportes.xml
111,la rioja.xml
112,agro.xml
113,fertilidad.xml
114,emprendedores.xml
115,lo mejor del vino de la rioja.xml
116,premios oscar.xml
117,innovando.xml
118,autonomos.xml
119,generales.xml
120,recetas navidad.xml
121,tenis.xml
122,union europea.xml
123,empresas riojanas.xml
124,golf.xml
125,atletismo.xml
126,libros.xml
127,vinos.xml
128,logro単o.xml
129,elecciones.xml
130,estilo.xml
131,servicios publicos.xml
132,america latina.xml
133,gente y estilo.xml
134,empresas.xml
135,cervera.xml
136,balonmano.xml
