0,"CONECIF-calendario de eventos-Debate Forestal Maderero-Fri, 12 Jul 2013 09:00:00 +0200"
1,"CONECIF-calendario de eventos-Caminata Quebrada de Macul-Wed, 16 May 2012 13:33:00 +0200"
2,"CONECIF-calendario de eventos-Seminario Alternativas de Compensación Ambiental: Los bosques y su rol en la mitigación de los efectos del cambio climatico-Mon, 07 May 2012 19:01:00 +0200"
3,"CONECIF-calendario de eventos-Curso Avanzado de Cultivos Forestales con Aplicaciones Energéticas.-Mon, 30 Apr 2012 11:49:00 +0200"
4,"CONECIF-calendario de eventos-Seminario Institucionalidad Ambiental 2012-Mon, 30 Apr 2012 11:41:00 +0200"
5,"CONECIF-calendario de eventos-Lanzamiento Catálogo Digital de Semillas Tradicionales de Chile-Wed, 18 Apr 2012 12:51:00 +0200"
6,"CONECIF-calendario de eventos-UFRO Conferencia de ecología del paisaje-Wed, 11 Apr 2012 00:23:00 +0200"
7,"CONECIF-calendario de eventos-10º Trawü Forestal “Protegiendo nuestros bosques chilenos”-Tue, 10 Apr 2012 23:37:00 +0200"
8,"CONECIF-calendario de eventos-ESTRENO DOCUMENTAL SOBRE EL PANUL: ""EL NATIVO RESPIRA""-Mon, 09 Apr 2012 22:01:00 +0200"
9,"CONECIF-calendario de eventos-Invitación Lanzamiento del Manual de Plantaciones en Zonas Aridas-Mon, 09 Apr 2012 19:07:00 +0200"
10,"CONECIF-informate-Día Mundial Forestal-Wed, 21 Mar 2012 18:44:00 +0200"
11,"CONECIF-novedades-Declaración de estudiantes ante cierre de Ingeniería Forestal en la UACh-Mon, 18 Jun 2012 14:12:00 +0200"
12,"CONECIF-novedades-Comunicado Corporacion Nacional de Estudiantes de Ciencias Forestales: INCENDIO TORRES DEL PAINE-Mon, 19 Mar 2012 23:46:00 +0200"
13,"CONECIF-novedades-Corporación Nacional de Estudiantes de Ciencias Forestales asiste al foro ""Hacia la Política Energética de Chile: Matriz Eléctrica y Escenarios""-Thu, 12 Jan 2012 00:05:00 +0200"
14,"CONECIF-feed general-Lonquimay: Corte Suprema ordena reparar daño ambiental tras destruccion de bosque nativo-Mon, 07 Oct 2013 20:27:00 +0200"
15,"CONECIF-feed general-CONAF promueve manejo sustentable del bosque nativo en Mañihuales-Mon, 07 Oct 2013 16:57:00 +0200"
16,"CONECIF-feed general-Beneficiarios de PROFOCAP en Rengo inician pasantía laboral-Mon, 07 Oct 2013 16:56:00 +0200"
17,"CONECIF-feed general-Amplio debate en torno al recurso hídrico en Jornadas del CONAPHI 2013-Mon, 07 Oct 2013 16:55:00 +0200"
18,"CONECIF-feed general-CONAF lleva Programa de Arborización al poblado más austral del mundo-Mon, 07 Oct 2013 16:55:00 +0200"
19,"CONECIF-feed general-INFOR PRESENTA ESTUDIO QUE FAVORECE EL USO INDUSTRIAL DEL PINO PONDEROSA DE AYSÉN-Mon, 07 Oct 2013 16:53:00 +0200"
20,"CONECIF-feed general-ANIMACIÓN PROMUEVE EL USO DE LA BICICLETA-Mon, 07 Oct 2013 16:43:00 +0200"
21,"CONECIF-feed general-El Legado de Fernando Léniz (QEPD) al Sector Forestal: el Decreto Ley 701-Sun, 29 Sep 2013 20:13:00 +0200"
22,"CONECIF-feed general-La importancia del Sector Forestal-Sun, 29 Sep 2013 20:13:00 +0200"
23,"CONECIF-feed general-Porqué Chile necesita reducir urgentemente sus emisiones de gases de efecto invernadero-Sun, 29 Sep 2013 20:11:00 +0200"
24,"CONECIF-feed general-Debate Forestal Maderero-Fri, 12 Jul 2013 09:00:00 +0200"
25,"CONECIF-feed general-Declaración de estudiantes ante cierre de Ingeniería Forestal en la UACh-Mon, 18 Jun 2012 14:12:00 +0200"
26,"CONECIF-feed general-Caminata Quebrada de Macul-Wed, 16 May 2012 13:33:00 +0200"
27,"CONECIF-feed general-Seminario Alternativas de Compensación Ambiental: Los bosques y su rol en la mitigación de los efectos del cambio climatico-Mon, 07 May 2012 19:01:00 +0200"
28,"CONECIF-feed general-Curso Avanzado de Cultivos Forestales con Aplicaciones Energéticas.-Mon, 30 Apr 2012 11:49:00 +0200"
29,"CONECIF-feed general-Seminario Institucionalidad Ambiental 2012-Mon, 30 Apr 2012 11:41:00 +0200"
30,"CONECIF-feed general-Lanzamiento Catálogo Digital de Semillas Tradicionales de Chile-Wed, 18 Apr 2012 12:51:00 +0200"
31,"CONECIF-feed general-UFRO Conferencia de ecología del paisaje-Wed, 11 Apr 2012 00:23:00 +0200"
32,"CONECIF-feed general-10º Trawü Forestal “Protegiendo nuestros bosques chilenos”-Tue, 10 Apr 2012 23:37:00 +0200"
33,"CONECIF-feed general-ESTRENO DOCUMENTAL SOBRE EL PANUL: ""EL NATIVO RESPIRA""-Mon, 09 Apr 2012 22:01:00 +0200"
34,"CONECIF-feed general-Invitación Lanzamiento del Manual de Plantaciones en Zonas Aridas-Mon, 09 Apr 2012 19:07:00 +0200"
35,"CONECIF-feed general-Día Mundial Forestal-Wed, 21 Mar 2012 18:44:00 +0200"
36,"CONECIF-feed general-Comunicado Corporacion Nacional de Estudiantes de Ciencias Forestales: INCENDIO TORRES DEL PAINE-Mon, 19 Mar 2012 23:46:00 +0200"
37,"CONECIF-feed general-Corporación Nacional de Estudiantes de Ciencias Forestales asiste al foro ""Hacia la Política Energética de Chile: Matriz Eléctrica y Escenarios""-Thu, 12 Jan 2012 00:05:00 +0200"
38,"CONECIF-actualidad-Lonquimay: Corte Suprema ordena reparar daño ambiental tras destruccion de bosque nativo-Mon, 07 Oct 2013 20:27:00 +0200"
39,"CONECIF-actualidad-CONAF promueve manejo sustentable del bosque nativo en Mañihuales-Mon, 07 Oct 2013 16:57:00 +0200"
40,"CONECIF-actualidad-Beneficiarios de PROFOCAP en Rengo inician pasantía laboral-Mon, 07 Oct 2013 16:56:00 +0200"
41,"CONECIF-actualidad-Amplio debate en torno al recurso hídrico en Jornadas del CONAPHI 2013-Mon, 07 Oct 2013 16:55:00 +0200"
42,"CONECIF-actualidad-CONAF lleva Programa de Arborización al poblado más austral del mundo-Mon, 07 Oct 2013 16:55:00 +0200"
43,"CONECIF-actualidad-INFOR PRESENTA ESTUDIO QUE FAVORECE EL USO INDUSTRIAL DEL PINO PONDEROSA DE AYSÉN-Mon, 07 Oct 2013 16:53:00 +0200"
44,"CONECIF-actualidad-ANIMACIÓN PROMUEVE EL USO DE LA BICICLETA-Mon, 07 Oct 2013 16:43:00 +0200"
45,"CONECIF-actualidad-El Legado de Fernando Léniz (QEPD) al Sector Forestal: el Decreto Ley 701-Sun, 29 Sep 2013 20:13:00 +0200"
46,"CONECIF-actualidad-La importancia del Sector Forestal-Sun, 29 Sep 2013 20:13:00 +0200"
47,"CONECIF-actualidad-Porqué Chile necesita reducir urgentemente sus emisiones de gases de efecto invernadero-Sun, 29 Sep 2013 20:11:00 +0200"
48,"EL MOSTRADOR-el día-Incendio afecta a ladera del cerro Santa Lucía en medio de una nueva jornada de protestas-Tue, 29 Oct 2019 22:32:09 +0000"
49,"EL MOSTRADOR-el día-Equipo de Bachelet enviado a Chile recorrerá regiones y se reunirá con víctimas que denunciaron violaciones de DD.HH.-Tue, 29 Oct 2019 21:36:39 +0000"
50,"EL MOSTRADOR-el día-La “paz social”, la primera prioridad de Blumel a la cabeza del gabinete-Tue, 29 Oct 2019 21:32:15 +0000"
51,"EL MOSTRADOR-el día-Hernán Rivera Letelier: “No creo en la resurrección, acá se acaba todo”-Tue, 29 Oct 2019 21:00:01 +0000"
52,"EL MOSTRADOR-el día-Manifestantes se congregan en Plaza Italia para participar en la “Marcha más grande de la historia 2”-Tue, 29 Oct 2019 20:54:45 +0000"
53,"EL MOSTRADOR-el día-Ministro Ward se arrepiente de antiguas declaraciones sobre DD.HH: “He sido descuidado en el pasado”-Tue, 29 Oct 2019 20:39:28 +0000"
54,"EL MOSTRADOR-el día-Cámara de Diputados aprueba en general proyecto que crea el Seguro Catastrófico de Salud-Tue, 29 Oct 2019 20:03:28 +0000"
55,"EL MOSTRADOR-el día-Editores de la Furia se restan de delegación oficial de Feria de Guadalajara en protesta por crisis social-Tue, 29 Oct 2019 19:30:50 +0000"
56,"EL MOSTRADOR-el día-Protestas en Chile: las grietas del modelo económico chileno que las manifestaciones dejaron al descubierto-Tue, 29 Oct 2019 19:00:22 +0000"
57,"EL MOSTRADOR-el día-Charles Aránguiz “no le cree” a Carabineros y critica el manejo de Piñera: “Se le escapó de las manos el tema”-Tue, 29 Oct 2019 18:54:08 +0000"
58,"EL MOSTRADOR-el día-Chadwick no supera el estallido: oposición presentará este miércoles la acusación constitucional en su contra-Tue, 29 Oct 2019 23:02:21 +0000"
59,"EL MOSTRADOR-el día-Hombre muere de un disparo en la cabeza en pleno centro de Concepción-Wed, 30 Oct 2019 01:19:49 +0000"
60,"EL MOSTRADOR-el día-PDI detiene al primer involucrado en destrozos en las estaciones del Metro de Santiago-Wed, 30 Oct 2019 01:03:21 +0000"
61,"EL MOSTRADOR-el día-Uno menos: Vladimir Putin decide no viajar a Chile para la APEC-Wed, 30 Oct 2019 00:36:25 +0000"
62,"EL MOSTRADOR-el día-Felipe Guevara deja Lo Barnechea y es la carta del Gobierno para la Intendencia Metropolitana-Wed, 30 Oct 2019 00:25:28 +0000"
63,"EL MOSTRADOR-el día-Consejo de Rectores aplaza la fecha de la PSU por la “seguridad y tranquilidad” de los estudiantes-Tue, 29 Oct 2019 23:59:49 +0000"
64,"EL MOSTRADOR-el día-Contraloría inicia investigación para aclarar desvinculación de jefa del Departamento de Laboratorios del SML-Tue, 29 Oct 2019 23:38:00 +0000"
65,"EL MOSTRADOR-el día-La evolución nos dice que es probable que seamos la única vida inteligente del universo-Wed, 30 Oct 2019 12:00:42 +0000"
66,"EL MOSTRADOR-el día-Primer ministro del Líbano renunció tras 13 días de protestas-Wed, 30 Oct 2019 11:51:46 +0000"
67,"EL MOSTRADOR-el día-General director de Carabineros anunció un sumario administrativo por funcionario del INDH herido-Wed, 30 Oct 2019 11:33:24 +0000"
68,"EL MOSTRADOR-el día-No + Tag llamará a una “movilización más fuerte” tras respuesta “insatisfactoria” del MOP-Wed, 30 Oct 2019 11:05:42 +0000"
69,"EL MOSTRADOR-el día-Gobiernos de otros países advierten riesgos de viajar a Chile en medio de crisis social-Wed, 30 Oct 2019 10:51:18 +0000"
70,"EL MOSTRADOR-el día-Investigación científica: ¿parte del problema o parte de la solución?-Wed, 30 Oct 2019 08:05:30 +0000"
71,"EL MOSTRADOR-el día-Agresión a Observador del INDH: Sergio Micco presenta querella y desmiente a diputada Núñez que calificó el hecho como “un montaje”-Wed, 30 Oct 2019 23:50:38 +0000"
72,"EL MOSTRADOR-el día-Por contingencia nacional se cancela Puerto de ideas Valparaíso 2019-Wed, 30 Oct 2019 23:45:17 +0000"
73,"EL MOSTRADOR-el día-Algunos son por acción de agentes del Estado: Fiscalía investiga 23 muertes ocurridas durante el Estado de Emergencia-Wed, 30 Oct 2019 22:57:53 +0000"
74,"EL MOSTRADOR-el día-Piñera da espaldarazo a Carabineros mientras la Fiscalía investiga 840 denuncias por posibles violaciones a DD.HH.-Wed, 30 Oct 2019 22:31:30 +0000"
75,"EL MOSTRADOR-el día-Difunden en redes sociales el actuar de Carabineros para disipar marchas en el centro de Santiago-Wed, 30 Oct 2019 22:26:09 +0000"
76,"EL MOSTRADOR-el día-Foro Permanente de Política Exterior asegura que la suspensión de la APEC y de la COP25 es producto de la “incapacidad del Gobierno”-Wed, 30 Oct 2019 22:15:33 +0000"
77,"EL MOSTRADOR-el día-Defensoría Jurídica UChile y el actuar de Carabineros en las protestas: han actuado “sin el apego y cumplimientos de los protocolos institucionales”-Wed, 30 Oct 2019 21:35:34 +0000"
78,"EL MOSTRADOR-el día-Municipio de Recoleta presentará querellas criminales por violaciones a los DD.HH mientras duró el Estado de Emergencia en la comuna-Wed, 30 Oct 2019 21:17:43 +0000"
79,"EL MOSTRADOR-el día-Manifestantes se reúnen nuevamente en Plaza Italia para otra tarde de movilizaciones-Wed, 30 Oct 2019 20:59:35 +0000"
80,"EL MOSTRADOR-el día-Fiscalía deja en libertad a conductor de camión que botó rocas en protestas de Antofagasta porque “fue amenazado”-Wed, 30 Oct 2019 20:46:30 +0000"
81,"EL MOSTRADOR-el día-Coloquio de perros: por segunda vez reunirá a actores del actual movimiento social con todo el público-Sat, 02 Nov 2019 13:38:57 +0000"
82,"EL MOSTRADOR-el día-Centenares de manifestantes corean “¡Chile despertó!” en Australia-Sat, 02 Nov 2019 13:28:44 +0000"
83,"EL MOSTRADOR-el día-El resurgimiento (en gloria y majestad) de “Los Prisioneros”-Sat, 02 Nov 2019 12:00:44 +0000"
84,"EL MOSTRADOR-el día-Miles de manifestantes se reúnen en Plaza Italia para la denominada por sus organizadores como “la marcha más grande de todas”-Fri, 01 Nov 2019 22:25:20 +0000"
85,"EL MOSTRADOR-el día-El mayor sindicato argentino pide formalmente la beatificación de Evita Perón-Fri, 01 Nov 2019 19:24:29 +0000"
86,"EL MOSTRADOR-el día-Rodrigo Mundaca y ANEF: los nombres y organizaciones vigiladas por Carabineros en los últimos meses-Fri, 01 Nov 2019 18:56:56 +0000"
87,"EL MOSTRADOR-el día-Defensoría Jurídica de la Universidad de Chile ha recibido 134 denuncias en los últimos dos días de protestas: 78% es contra Carabineros-Fri, 01 Nov 2019 16:13:32 +0000"
88,"EL MOSTRADOR-el día-Documento de Carabineros revela que funcionarios cuidaron la casa de la hija de Piñera por 12 días-Fri, 01 Nov 2019 15:32:27 +0000"
89,"EL MOSTRADOR-el día-Disminuyen hechos violentos ante jornadas de protesta en todo el país-Fri, 01 Nov 2019 14:43:48 +0000"
90,"EL MOSTRADOR-el día-Muralista INTI realiza nuevo mural en Chile que retrata el despertar de Chile-Fri, 01 Nov 2019 14:30:38 +0000"
91,"EL MOSTRADOR-el día-Luksic no cree que una nueva Constitución “hoy resuelva los problemas reales de las personas”-Sat, 02 Nov 2019 13:57:06 +0000"
92,"EL MOSTRADOR-el día-Van 179 acciones judiciales presentadas por torturas, tratos inhumanos, degradantes y violencia sexual-Sat, 02 Nov 2019 23:27:23 +0000"
93,"EL MOSTRADOR-el día-Joven de 17 años muerto en incendio de la fábrica Kayser tenía tres orificios en el tórax que no fueron medidos por el SML-Sat, 02 Nov 2019 19:58:03 +0000"
94,"EL MOSTRADOR-el día-#FueraSharp: la “operación de la derecha” que denunció Jorge Sharp en Twitter-Sat, 02 Nov 2019 16:46:08 +0000"
95,"EL MOSTRADOR-el día-Con altar del Día de los Muertos Museo Violeta Parra recuerda a las personas fallecidas en las manifestaciones sociales-Sat, 02 Nov 2019 16:00:51 +0000"
96,"EL MOSTRADOR-el día-Jóvenes saltan torniquetes del metro de Nueva York en protesta contra la violencia policial-Sat, 02 Nov 2019 14:19:52 +0000"
97,"EL MOSTRADOR-el día-José Piñera pide reformar la Constitución con un proyecto propio-Sun, 03 Nov 2019 22:42:17 +0000"
98,"EL MOSTRADOR-el día-Rigoberta Menchú por violaciones a DD.HH. en Chile: “Carabineros no puede actuar como niños jugando con pistolas de agua”-Sun, 03 Nov 2019 18:45:44 +0000"
99,"EL MOSTRADOR-el día-Masiva marcha de ciclistas llega a la casa de Sebastián Piñera en Las Condes para manifestarse-Sun, 03 Nov 2019 18:10:53 +0000"
100,"EL MOSTRADOR-el día-José Piñera, inmune al descontento general: “Llegó el momento de defender con ardiente entusiasmo el modelo económico de prosperidad”-Sun, 03 Nov 2019 16:31:51 +0000"
101,"EL MOSTRADOR-el día-Netflix: la nueva función de reproducción que causa indignación entre cineastas y actores-Sun, 03 Nov 2019 16:30:05 +0000"
102,"EL MOSTRADOR-el día-Derriban estatua del monumento a Baquedano en Plaza Italia: municipalidad retiró los restos-Sun, 03 Nov 2019 16:19:41 +0000"
103,"EL MOSTRADOR-el día-Allamand revive llamado a instaurar un régimen semipresidencial: “Se acabaría lo del Gobierno sin mayoría en el Congreso”-Sun, 03 Nov 2019 15:47:01 +0000"
104,"EL MOSTRADOR-el día-Hygiea, el asteroide que podría ser el planeta enano más pequeño del Sistema Solar-Sun, 03 Nov 2019 14:00:50 +0000"
105,"EL MOSTRADOR-el día-Oposición de Bolivia da 48 horas a Morales para que renuncie-Sun, 03 Nov 2019 13:06:38 +0000"
106,"EL MOSTRADOR-el día-Karla Rubilar: “Tratamos de restablecer el orden sin sacar a los militares y no pudimos”-Sun, 03 Nov 2019 13:03:38 +0000"
107,"EL MOSTRADOR-el día-Pareja de profesor imputado por daños en el Metro pide un proceso justo: No representa peligro para la sociedad-Mon, 04 Nov 2019 13:08:57 +0000"
108,"EL MOSTRADOR-el día-Actividad económica: Imacec de septiembre, previo al estallido social, creció solo 3%-Mon, 04 Nov 2019 12:49:31 +0000"
109,"EL MOSTRADOR-el día-Sin Maduro: Argentina busca apoyo en México para impulsar eje progresista en América Latina-Mon, 04 Nov 2019 12:44:50 +0000"
110,"EL MOSTRADOR-el día-Confirmación realización festival de documentales FEDOCH-Mon, 04 Nov 2019 11:20:14 +0000"
111,"EL MOSTRADOR-el día-Metro regresa lentamente: adelanta inicio de funcionamiento y suma cuatro nuevas estaciones-Mon, 04 Nov 2019 10:54:32 +0000"
112,"EL MOSTRADOR-el día-Manifestantes cortan el tránsito con barricadas en la Ruta 5 Sur-Mon, 04 Nov 2019 09:00:08 +0000"
113,"EL MOSTRADOR-el día-“El resplandor”: en busca de los mensajes ocultos en la película de Stanley Kubrick-Mon, 04 Nov 2019 08:24:53 +0000"
114,"EL MOSTRADOR-el día-Presidente del CPLT y estallido social en Chile: la corrupción “es parte del problema”-Mon, 04 Nov 2019 14:32:44 +0000"
115,"EL MOSTRADOR-el día-Codelco adjudica proyecto de desalinización para usar agua de mar en sus operaciones en Calama-Mon, 04 Nov 2019 14:16:08 +0000"
116,"EL MOSTRADOR-el día-Festival Internacional de Teatro del Biobío cumple 10 años y confirma realización-Mon, 04 Nov 2019 14:00:41 +0000"
117,"EL MOSTRADOR-el día-Modatima interpone recurso de amparo contra general director de Carabineros por colocar a Rodrigo Mundaca como “blanco de interés”-Mon, 04 Nov 2019 13:52:26 +0000"
118,"EL MOSTRADOR-el día-Municipalidad de Santiago adelanta cierre escolar del Instituto Nacional y del INBA-Mon, 04 Nov 2019 13:28:51 +0000"
119,"EL MOSTRADOR-el día-Fuera por denuncia de cohecho: Piñera pide renuncia inmediata a la subsecretaria de Bienes Nacionales, Alejandra Bravo-Mon, 04 Nov 2019 13:22:45 +0000"
120,"EL MOSTRADOR-el día-Presidente del PPD asegura que el Gobierno estaría dispuesto a un plebiscito para una nueva Constitución-Mon, 04 Nov 2019 17:19:23 +0000"
121,"EL MOSTRADOR-el día-Pequeño país de América del Sur prevé crecer un 86% en 2020-Mon, 04 Nov 2019 16:52:51 +0000"
122,"EL MOSTRADOR-el día-Onemi decreta Alerta Amarilla en Valparaíso por incendio forestal-Mon, 04 Nov 2019 16:47:47 +0000"
123,"EL MOSTRADOR-el día-Reconstrucción del Metro de Santiago obligará a “planificar de nuevo” las líneas 7, 8 y 9-Mon, 04 Nov 2019 16:26:03 +0000"
124,"EL MOSTRADOR-el día-Nueva Delhi bajo “una emergencia de salud pública” por nube tóxica-Mon, 04 Nov 2019 16:22:32 +0000"
125,"EL MOSTRADOR-el día-Taxistas se manifiestan en las calles del centro de Santiago para pedir la renuncia de la ministra Hutt-Mon, 04 Nov 2019 16:07:39 +0000"
126,"EL MOSTRADOR-el día-Convocan a otra masiva jornada de manifestaciones en Plaza Italia para este lunes-Mon, 04 Nov 2019 15:37:12 +0000"
127,"EL MOSTRADOR-el día-Mesa del Senado suspende reunión de coordinación con ministro Ward tras polémicos dichos-Mon, 04 Nov 2019 14:51:29 +0000"
128,"EL MOSTRADOR-el día-Comisión de Trabajo envía las “40 horas” a la Sala con gradualidad para las pymes y sin flexibilidad laboral-Tue, 05 Nov 2019 13:35:16 +0000"
129,"EL MOSTRADOR-el día-Crisis social pasa la cuenta a Piñera y presidenciables en la encuesta Criteria-Tue, 05 Nov 2019 13:34:40 +0000"
130,"EL MOSTRADOR-el día-Las protestas mundiales quieren “empapar” a los ricos, pero eso no es todo-Tue, 05 Nov 2019 13:25:43 +0000"
131,"EL MOSTRADOR-el día-“Cobarde ataque”: Gobierno condena violencia sufrida por dos carabineras que fueron alcanzadas con bombas molotov-Tue, 05 Nov 2019 13:02:29 +0000"
132,"EL MOSTRADOR-el día-La Roja se queda sin rival: Bolivia cancela viaje a Chile debido a la crisis social-Tue, 05 Nov 2019 12:45:13 +0000"
133,"EL MOSTRADOR-el día-Educación matemática y crisis social en Chile-Tue, 05 Nov 2019 11:26:30 +0000"
134,"EL MOSTRADOR-el día-30 años de la caída del Muro de Berlín: Mijaíl Gorbachov advierte que el mundo está “ante un peligro colosal”-Tue, 05 Nov 2019 10:56:32 +0000"
135,"EL MOSTRADOR-el día-Comisión de Constitución de la Cámara aprueba en general proyectos para iniciar proceso constituyente-Tue, 05 Nov 2019 10:52:32 +0000"
136,"EL MOSTRADOR-el día-‘Joker’ o las máscaras del descontento social-Tue, 05 Nov 2019 08:30:48 +0000"
137,"EL MOSTRADOR-el día-Dos carabineras resultaron heridas por bombas molotov-Tue, 05 Nov 2019 00:59:47 +0000"
138,"EL MOSTRADOR-el día-Alcaldesa Reginato ofició al Ministerio del Interior y autoridades regionales para resguardar el orden público-Tue, 05 Nov 2019 20:25:04 +0000"
139,"EL MOSTRADOR-el día-Cencosud pidió rebaja en la multa por el caso de “colusión de los pollos”-Tue, 05 Nov 2019 19:45:45 +0000"
140,"EL MOSTRADOR-el día-Estados Unidos sanciona a otros cinco funcionarios venezolanos-Tue, 05 Nov 2019 19:17:28 +0000"
141,"EL MOSTRADOR-el día-Ward cambia el tono tras molestia del Senado y se muestra dispuesto a un diálogo-Tue, 05 Nov 2019 19:00:31 +0000"
142,"EL MOSTRADOR-el día-Efecto estallido: Manifestaciones impactan industria del salmón-Tue, 05 Nov 2019 18:32:20 +0000"
143,"EL MOSTRADOR-el día-Estallido social golpea a la economía: ministro de Hacienda baja proyección de crecimiento en 2019 a menos de 2%-Tue, 05 Nov 2019 17:48:06 +0000"
144,"EL MOSTRADOR-el día-Inti Illimani Histórico, Quilapayún y Daniel Alcaíno presentan nueva versión de “El derecho de vivir en paz”-Tue, 05 Nov 2019 17:30:45 +0000"
145,"EL MOSTRADOR-el día-A treinta años de la caída del muro, Patricia Cerda presenta su novela “Luz en Berlín”-Tue, 05 Nov 2019 17:30:36 +0000"
146,"EL MOSTRADOR-el día-Piñera anuncia plan pro pymes y asegura que “lo que han hecho estos violentistas no tiene perdón de Dios”-Tue, 05 Nov 2019 17:19:09 +0000"
147,"EL MOSTRADOR-el día-Diputado Silber acusa “ausencia de transparencia y manto de oscuridad” en acuerdo entre MOP y autopistas-Tue, 05 Nov 2019 17:16:13 +0000"
148,"EL MOSTRADOR-el día-En estos instantes: incendio azota ladera del Cerro San Cristóbal-Tue, 05 Nov 2019 21:31:53 +0000"
149,"EL MOSTRADOR-el día-Asociación de Familiares de Detenidos Desaparecidos exige la renuncia de Sergio Micco al INDH-Tue, 05 Nov 2019 22:16:35 +0000"
150,"EL MOSTRADOR-el día-Manifestantes atacan sede de la UDI y el memorial de Jaime Guzmán: Van Rysselberghe lo califica como “vandalismo puro”-Wed, 06 Nov 2019 21:20:24 +0000"
151,"EL MOSTRADOR-el día-A fin de mes dejará de emitir la radio Beethoven-Wed, 06 Nov 2019 21:00:48 +0000"
152,"EL MOSTRADOR-el día-Cómo es posible que Uber sobreviva con pérdidas de US$1.200 millones y sin nunca haber obtenido beneficios-Wed, 06 Nov 2019 20:52:30 +0000"
153,"EL MOSTRADOR-el día-Piñera visitó a joven con lesión ocular tras ser golpeado por un perdigón de goma-Wed, 06 Nov 2019 20:13:19 +0000"
154,"EL MOSTRADOR-el día-Francia endurece política migratoria con polémicas medidas-Wed, 06 Nov 2019 19:39:10 +0000"
155,"EL MOSTRADOR-el día-Ministerio de las Culturas anuncia ganadores de los Premios Literarios 2019-Wed, 06 Nov 2019 19:30:03 +0000"
156,"EL MOSTRADOR-el día-Defensa de Sebastián Dávalos solicitó audiencia de conciliación en juicio contra Canal 13-Wed, 06 Nov 2019 19:11:28 +0000"
157,"EL MOSTRADOR-el día-Metro avanza en recuperación de Línea 4 y anuncia que electrificaron tramo entre Las Torres y Plaza de Puente Alto-Wed, 06 Nov 2019 18:47:10 +0000"
158,"EL MOSTRADOR-el día-Chile: Manifestantes marchan al distrito financiero ‘Sanhattan’-Wed, 06 Nov 2019 18:35:35 +0000"
159,"EL MOSTRADOR-el día-De la UDI al Frente Amplio: Diputados firman carta para impulsar límite a reelección parlamentaria “sin letra chica”-Wed, 06 Nov 2019 18:24:00 +0000"
160,"EL MOSTRADOR-el día-Bomberos de Talca denuncia que Carabineros detuvo sin razón a vicesuperintendente de la compañía-Thu, 07 Nov 2019 12:28:31 +0000"
161,"EL MOSTRADOR-el día-Solo la salud detiene a Catherine Deneuve-Thu, 07 Nov 2019 11:30:28 +0000"
162,"EL MOSTRADOR-el día-Guerra comercial: China anuncia acuerdo con EE.UU. para cancelar aranceles-Thu, 07 Nov 2019 11:07:16 +0000"
163,"EL MOSTRADOR-el día-Rafael Correa: “Tengo más juicios penales que Al Capone, Pinochet y el Chapo Guzmán juntos”-Thu, 07 Nov 2019 11:04:38 +0000"
164,"EL MOSTRADOR-el día-Nueva jornada de protestas: Ruta 68 dirección Santiago amanece bloqueada por camioneros-Thu, 07 Nov 2019 10:49:43 +0000"
165,"EL MOSTRADOR-el día-Acciones chilenas en mínimo de 2 años, conflicto amenaza avances-Thu, 07 Nov 2019 07:59:59 +0000"
166,"EL MOSTRADOR-el día-Selección chilena sub 17 cae 3 a 2 frente a Brasil y queda eliminada del Mundial de la categoría-Thu, 07 Nov 2019 01:32:24 +0000"
167,"EL MOSTRADOR-el día-General Mario Rozas justifica detenciones de carabineros de civil en autos particulares: “Está debidamente autorizado”-Thu, 07 Nov 2019 00:29:33 +0000"
168,"EL MOSTRADOR-el día-“Soy sensible a su problema”: el diálogo entre el ministro Briones y los camioneros en medio del corte a la ruta 68-Wed, 06 Nov 2019 23:48:33 +0000"
169,"EL MOSTRADOR-el día-Comisión de Constitución aprueba indicación para que el Banco Central establezca dieta parlamentaria y sueldos de altos cargos del Estado-Wed, 06 Nov 2019 23:21:45 +0000"
170,"EL MOSTRADOR-kiosko-A pesar de la mufa: la U empató con Católica en un nuevo clásico universitario-Sun, 25 Aug 2019 23:20:36 +0000"
171,"EL MOSTRADOR-kiosko-“Maduro está más cerca de Pinochet que de Allende”-Sun, 25 Aug 2019 23:20:36 +0000"
172,"EL MOSTRADOR-kiosko-Zuckerberg pide perdón al Congreso por la fuga de datos de Facebook-Sun, 25 Aug 2019 23:20:36 +0000"
173,"EL MOSTRADOR-kiosko-La esperanza de Haití vuela a Chile-Sun, 25 Aug 2019 23:20:36 +0000"
174,"EL MOSTRADOR-kiosko-La Iglesia argentina, sobre la visita del Papa a Chile: “Es doloroso que pase por arriba nuestro y aterrice en otro lado”-Sun, 25 Aug 2019 23:20:36 +0000"
175,"EL MOSTRADOR-kiosko-Podemos impulsa el fin del peaje en las autopistas para convertirlas en gratuitas-Sun, 25 Aug 2019 23:20:36 +0000"
176,"EL MOSTRADOR-kiosko-Cuba y Chile: una visión compartida de la colaboración-Sun, 25 Aug 2019 23:20:36 +0000"
177,"EL MOSTRADOR-kiosko-México despidió el 2017 con la inflación más alta en 17 años-Sun, 25 Aug 2019 23:20:36 +0000"
178,"EL MOSTRADOR-kiosko-5 imágenes que nos inspiran a seguir conservando el medio ambiente-Sun, 25 Aug 2019 23:20:36 +0000"
179,"EL MOSTRADOR-kiosko-Fiscales y agentes del FBI investigan a la Fundación Clinton por sospechas de corrupción-Sun, 25 Aug 2019 23:20:36 +0000"
180,"EL MOSTRADOR-pais-Incendio afecta a ladera del cerro Santa Lucía en medio de una nueva jornada de protestas-Tue, 29 Oct 2019 22:32:09 +0000"
181,"EL MOSTRADOR-pais-Observador del INDH fue impactado por siete balines de Carabineros frente al GAM-Tue, 29 Oct 2019 22:02:55 +0000"
182,"EL MOSTRADOR-pais-Equipo de Bachelet enviado a Chile recorrerá regiones y se reunirá con víctimas que denunciaron violaciones de DD.HH.-Tue, 29 Oct 2019 21:36:39 +0000"
183,"EL MOSTRADOR-pais-La “paz social”, la primera prioridad de Blumel a la cabeza del gabinete-Tue, 29 Oct 2019 21:32:15 +0000"
184,"EL MOSTRADOR-pais-Manifestantes se congregan en Plaza Italia para participar en la “Marcha más grande de la historia 2”-Tue, 29 Oct 2019 20:54:45 +0000"
185,"EL MOSTRADOR-pais-Ministro Ward se arrepiente de antiguas declaraciones sobre DD.HH: “He sido descuidado en el pasado”-Tue, 29 Oct 2019 20:39:28 +0000"
186,"EL MOSTRADOR-pais-Cámara de Diputados aprueba en general proyecto que crea el Seguro Catastrófico de Salud-Tue, 29 Oct 2019 20:03:28 +0000"
187,"EL MOSTRADOR-pais-Sube un nivel: EE.UU. advierte el riesgo de viajar a Chile debido a “los disturbios civiles”-Tue, 29 Oct 2019 18:37:33 +0000"
188,"EL MOSTRADOR-pais-Comentario: No basta con decir “no queremos más violencia”, lo que se requiere es que autoridades y policías hagan la pega-Tue, 29 Oct 2019 17:26:43 +0000"
189,"EL MOSTRADOR-pais-Una emocionada pareja de adultos mayores apoya con entusiasmo marcha en Quillota-Tue, 29 Oct 2019 16:58:51 +0000"
190,"EL MOSTRADOR-pais-Chadwick no supera el estallido: oposición presentará este miércoles la acusación constitucional en su contra-Tue, 29 Oct 2019 23:02:21 +0000"
191,"EL MOSTRADOR-pais-Hombre muere de un disparo en la cabeza en pleno centro de Concepción-Wed, 30 Oct 2019 01:19:49 +0000"
192,"EL MOSTRADOR-pais-PDI detiene al primer involucrado en destrozos en las estaciones del Metro de Santiago-Wed, 30 Oct 2019 01:03:21 +0000"
193,"EL MOSTRADOR-pais-Uno menos: Vladimir Putin decide no viajar a Chile para la APEC-Wed, 30 Oct 2019 00:36:25 +0000"
194,"EL MOSTRADOR-pais-Felipe Guevara deja Lo Barnechea y es la carta del Gobierno para la Intendencia Metropolitana-Wed, 30 Oct 2019 00:25:28 +0000"
195,"EL MOSTRADOR-pais-Consejo de Rectores aplaza la fecha de la PSU por la “seguridad y tranquilidad” de los estudiantes-Tue, 29 Oct 2019 23:59:49 +0000"
196,"EL MOSTRADOR-pais-Contraloría inicia investigación para aclarar desvinculación de jefa del Departamento de Laboratorios del SML-Tue, 29 Oct 2019 23:38:00 +0000"
197,"EL MOSTRADOR-pais-Micco anuncia querella y pide a ministro del Interior que Carabineros respete manifestaciones pacíficas tras baleo a observador del INDH-Tue, 29 Oct 2019 22:02:55 +0000"
198,"EL MOSTRADOR-pais-General director de Carabineros anunció un sumario administrativo por funcionario del INDH herido-Wed, 30 Oct 2019 11:33:24 +0000"
199,"EL MOSTRADOR-pais-No + Tag llamará a una “movilización más fuerte” tras respuesta “insatisfactoria” del MOP-Wed, 30 Oct 2019 11:05:42 +0000"
200,"EL MOSTRADOR-pais-Gobiernos de otros países advierten riesgos de viajar a Chile en medio de crisis social-Wed, 30 Oct 2019 10:51:18 +0000"
201,"EL MOSTRADOR-pais-Jeannette von Wolffersdorff y la desigualdad social: “Repensemos la posición de la elite con la idea de repartir patrimonio”-Wed, 30 Oct 2019 04:12:16 +0000"
202,"EL MOSTRADOR-pais-Agresión a Observador del INDH: Sergio Micco presenta querella y desmiente a diputada Núñez que calificó el hecho como “un montaje”-Wed, 30 Oct 2019 23:50:38 +0000"
203,"EL MOSTRADOR-pais-La Semana Política: el alto costo de la vida en Chile, un tema de desigualdad y justicia social-Wed, 30 Oct 2019 23:37:23 +0000"
204,"EL MOSTRADOR-pais-Algunos son por acción de agentes del Estado: Fiscalía investiga 23 muertes ocurridas durante el Estado de Emergencia-Wed, 30 Oct 2019 22:57:53 +0000"
205,"EL MOSTRADOR-pais-Nueva Constitución suma apoyos: vocero de la Corte Suprema pide considerar “el clamor de la ciudadanía”-Wed, 30 Oct 2019 22:45:36 +0000"
206,"EL MOSTRADOR-pais-Piñera da espaldarazo a Carabineros mientras la Fiscalía investiga 840 denuncias por posibles violaciones a DD.HH.-Wed, 30 Oct 2019 22:31:30 +0000"
207,"EL MOSTRADOR-pais-Difunden en redes sociales el actuar de Carabineros para disipar marchas en el centro de Santiago-Wed, 30 Oct 2019 22:26:09 +0000"
208,"EL MOSTRADOR-pais-Foro Permanente de Política Exterior asegura que la suspensión de la APEC y de la COP25 es producto de la “incapacidad del Gobierno”-Wed, 30 Oct 2019 22:15:33 +0000"
209,"EL MOSTRADOR-pais-Defensoría Jurídica UChile y el actuar de Carabineros en las protestas: han actuado “sin el apego y cumplimientos de los protocolos institucionales”-Wed, 30 Oct 2019 21:35:34 +0000"
210,"EL MOSTRADOR-pais-Municipio de Recoleta presentará querellas criminales por violaciones a los DD.HH mientras duró el Estado de Emergencia en la comuna-Wed, 30 Oct 2019 21:17:43 +0000"
211,"EL MOSTRADOR-pais-Manifestantes se reúnen nuevamente en Plaza Italia para otra tarde de movilizaciones-Wed, 30 Oct 2019 20:59:35 +0000"
212,"EL MOSTRADOR-pais-Iván Flores: “He visto un gobierno bastante aturdido con los golpes que se le han dado”-Sat, 02 Nov 2019 13:15:12 +0000"
213,"EL MOSTRADOR-pais-Miles de manifestantes se reúnen en Plaza Italia para la denominada por sus organizadores como “la marcha más grande de todas”-Fri, 01 Nov 2019 22:25:20 +0000"
214,"EL MOSTRADOR-pais-Los conflictos que rodean al ex subsecretario de Prevención del Delito y que podría asumir como alcalde de Lo Barnechea-Fri, 01 Nov 2019 20:52:41 +0000"
215,"EL MOSTRADOR-pais-Rodrigo Mundaca y ANEF: los nombres y organizaciones vigiladas por Carabineros en los últimos meses-Fri, 01 Nov 2019 18:56:56 +0000"
216,"EL MOSTRADOR-pais-Defensoría Jurídica de la Universidad de Chile ha recibido 134 denuncias en los últimos dos días de protestas: 78% es contra Carabineros-Fri, 01 Nov 2019 16:13:32 +0000"
217,"EL MOSTRADOR-pais-Documento de Carabineros revela que funcionarios cuidaron la casa de la hija de Piñera por 12 días-Fri, 01 Nov 2019 15:32:27 +0000"
218,"EL MOSTRADOR-pais-Disminuyen hechos violentos ante jornadas de protesta en todo el país-Fri, 01 Nov 2019 14:43:48 +0000"
219,"EL MOSTRADOR-pais-Reapareció el partido del orden: Ex ministro del Interior de Bachelet defiende a Chadwick y quita piso a acusación constitucional en su contra-Fri, 01 Nov 2019 14:19:57 +0000"
220,"EL MOSTRADOR-pais-Organizaciones medioambientales en picada contra Piñera por cancelación de la COP25 en Chile-Fri, 01 Nov 2019 12:54:56 +0000"
221,"EL MOSTRADOR-pais-Viajes han disminuido considerablemente en fin de semana largo: MOP estimó que el flujo ha sido 25% menor a lo estimado-Fri, 01 Nov 2019 12:12:58 +0000"
222,"EL MOSTRADOR-pais-Luksic no cree que una nueva Constitución “hoy resuelva los problemas reales de las personas”-Sat, 02 Nov 2019 13:57:06 +0000"
223,"EL MOSTRADOR-pais-Van 179 acciones judiciales presentadas por torturas, tratos inhumanos, degradantes y violencia sexual-Sat, 02 Nov 2019 23:27:23 +0000"
224,"EL MOSTRADOR-pais-Tres partidos de oposición presentan siete propuestas al gobierno para abordar la crisis social-Sat, 02 Nov 2019 23:20:17 +0000"
225,"EL MOSTRADOR-pais-Joven de 17 años muerto en incendio de la fábrica Kayser tenía tres orificios en el tórax que no fueron medidos por el SML-Sat, 02 Nov 2019 19:58:03 +0000"
226,"EL MOSTRADOR-pais-“Estos jóvenes vándalos son nuestros hijos”: el origen de la violencia subterránea que emergió en las protestas en Chile-Sat, 02 Nov 2019 19:00:37 +0000"
227,"EL MOSTRADOR-pais-RN busca piso político para realizar un “perdonazo” al CAE-Sat, 02 Nov 2019 17:27:15 +0000"
228,"EL MOSTRADOR-pais-#FueraSharp: la “operación de la derecha” que denunció Jorge Sharp en Twitter-Sat, 02 Nov 2019 16:46:08 +0000"
229,"EL MOSTRADOR-pais-Blumel llama al diálogo y dice que el Gobierno no tiene todas las respuestas: “Tenemos que construirlas en conjunto”-Sat, 02 Nov 2019 15:26:47 +0000"
230,"EL MOSTRADOR-pais-Jóvenes saltan torniquetes del metro de Nueva York en protesta contra la violencia policial-Sat, 02 Nov 2019 14:19:52 +0000"
231,"EL MOSTRADOR-pais-José Piñera pide reformar la Constitución con un proyecto propio-Sun, 03 Nov 2019 22:42:17 +0000"
232,"EL MOSTRADOR-pais-Ciclistas en la casa de Piñera, malls cerrados en Viña y un acto cultural en Quilicura marcan jornada dominical de protestas en Chile-Sun, 03 Nov 2019 20:17:36 +0000"
233,"EL MOSTRADOR-pais-Rigoberta Menchú por violaciones a DD.HH. en Chile: “Carabineros no puede actuar como niños jugando con pistolas de agua”-Sun, 03 Nov 2019 18:45:44 +0000"
234,"EL MOSTRADOR-pais-INDH se quedó corto: Cruz Roja cifra en 2.500 los heridos durante las protestas en Chile-Sun, 03 Nov 2019 18:07:25 +0000"
235,"EL MOSTRADOR-pais-José Piñera, inmune al descontento general: “Llegó el momento de defender con ardiente entusiasmo el modelo económico de prosperidad”-Sun, 03 Nov 2019 16:31:51 +0000"
236,"EL MOSTRADOR-pais-Allamand revive llamado a instaurar un régimen semipresidencial: “Se acabaría lo del Gobierno sin mayoría en el Congreso”-Sun, 03 Nov 2019 15:47:01 +0000"
237,"EL MOSTRADOR-pais-Ministro de Hacienda muestra diferencias con sus antecesores: “Hay que ser pro mercado no pro empresa”-Sun, 03 Nov 2019 15:13:04 +0000"
238,"EL MOSTRADOR-pais-Karla Rubilar: “Tratamos de restablecer el orden sin sacar a los militares y no pudimos”-Sun, 03 Nov 2019 13:03:38 +0000"
239,"EL MOSTRADOR-pais-Pareja de profesor imputado por daños en el Metro pide un proceso justo: No representa peligro para la sociedad-Mon, 04 Nov 2019 13:08:57 +0000"
240,"EL MOSTRADOR-pais-Metro regresa lentamente: adelanta inicio de funcionamiento y suma cuatro nuevas estaciones-Mon, 04 Nov 2019 10:54:32 +0000"
241,"EL MOSTRADOR-pais-Manifestantes cortan el tránsito con barricadas en la Ruta 5 Sur-Mon, 04 Nov 2019 09:00:08 +0000"
242,"EL MOSTRADOR-pais-Las inconsistencias del Ejército sobre su actuación en Talca y la “falta total” de registro de las acciones del 22 de octubre-Mon, 04 Nov 2019 04:08:52 +0000"
243,"EL MOSTRADOR-pais-Presidente del CPLT y estallido social en Chile: la corrupción “es parte del problema”-Mon, 04 Nov 2019 14:32:44 +0000"
244,"EL MOSTRADOR-pais-Modatima interpone recurso de amparo contra general director de Carabineros por colocar a Rodrigo Mundaca como “blanco de interés”-Mon, 04 Nov 2019 13:52:26 +0000"
245,"EL MOSTRADOR-pais-Nueva Constitución: Encuestas coinciden en que más de 85% de la población confía en un nuevo pacto social como solución a la crisis-Mon, 04 Nov 2019 13:30:17 +0000"
246,"EL MOSTRADOR-pais-Municipalidad de Santiago adelanta cierre escolar del Instituto Nacional y del INBA-Mon, 04 Nov 2019 13:28:51 +0000"
247,"EL MOSTRADOR-pais-Fuera por denuncia de cohecho: Piñera pide renuncia inmediata a la subsecretaria de Bienes Nacionales, Alejandra Bravo-Mon, 04 Nov 2019 13:22:45 +0000"
248,"EL MOSTRADOR-pais-Registro evidencia violenta detención de hombre en el Barrio Lastarria-Mon, 04 Nov 2019 11:00:55 +0000"
249,"EL MOSTRADOR-pais-Presidente del PPD asegura que el Gobierno estaría dispuesto a un plebiscito para una nueva Constitución-Mon, 04 Nov 2019 17:19:23 +0000"
250,"EL MOSTRADOR-pais-Onemi decreta Alerta Amarilla en Valparaíso por incendio forestal-Mon, 04 Nov 2019 16:47:47 +0000"
251,"EL MOSTRADOR-pais-Reconstrucción del Metro de Santiago obligará a “planificar de nuevo” las líneas 7, 8 y 9-Mon, 04 Nov 2019 16:26:03 +0000"
252,"EL MOSTRADOR-pais-Taxistas se manifiestan en las calles del centro de Santiago para pedir la renuncia de la ministra Hutt-Mon, 04 Nov 2019 16:07:39 +0000"
253,"EL MOSTRADOR-pais-Interponen recurso de amparo contra ministro Blumel y general Rozas por espionaje de Carabineros a líderes sindicales y sociales-Mon, 04 Nov 2019 15:49:18 +0000"
254,"EL MOSTRADOR-pais-Convocan a otra masiva jornada de manifestaciones en Plaza Italia para este lunes-Mon, 04 Nov 2019 15:37:12 +0000"
255,"EL MOSTRADOR-pais-Mesa del Senado suspende reunión de coordinación con ministro Ward tras polémicos dichos-Mon, 04 Nov 2019 14:51:29 +0000"
256,"EL MOSTRADOR-pais-Comisión de Trabajo envía las “40 horas” a la Sala con gradualidad para las pymes y sin flexibilidad laboral-Tue, 05 Nov 2019 13:35:16 +0000"
257,"EL MOSTRADOR-pais-Crisis social pasa la cuenta a Piñera y presidenciables en la encuesta Criteria-Tue, 05 Nov 2019 13:34:40 +0000"
258,"EL MOSTRADOR-pais-“Cobarde ataque”: Gobierno condena violencia sufrida por dos carabineras que fueron alcanzadas con bombas molotov-Tue, 05 Nov 2019 13:02:29 +0000"
259,"EL MOSTRADOR-pais-Piñera en entrevista con la BBC: “Soy parte (del problema), asumo mi responsabilidad, pero no soy el único”-Tue, 05 Nov 2019 11:32:34 +0000"
260,"EL MOSTRADOR-pais-Comisión de Constitución de la Cámara aprueba en general proyectos para iniciar proceso constituyente-Tue, 05 Nov 2019 10:52:32 +0000"
261,"EL MOSTRADOR-pais-Nueva Constitución: la señal política que el Gobierno y el oficialismo no quieren dar-Tue, 05 Nov 2019 04:10:17 +0000"
262,"EL MOSTRADOR-pais-Claudio Fuentes y los caminos para un nuevo Pacto Social: “Abrir la puerta al tema constitucional implica ceder posiciones de poder”-Tue, 05 Nov 2019 04:08:50 +0000"
263,"EL MOSTRADOR-pais-Pablo Cabrera por crisis en Chile: las instituciones se han quedado cortas para intuir las demandas de la sociedad-Tue, 05 Nov 2019 04:04:23 +0000"
264,"EL MOSTRADOR-pais-Dos carabineras resultaron heridas por bombas molotov-Tue, 05 Nov 2019 00:59:47 +0000"
265,"EL MOSTRADOR-pais-Carabinero atropelló a una persona en Diagonal Paraguay-Tue, 05 Nov 2019 00:44:06 +0000"
266,"EL MOSTRADOR-pais-Oposición reacciona a la entrevista de Piñera a la BBC y asegura que el Presidente no dimensiona la profundidad de la crisis-Tue, 05 Nov 2019 20:54:38 +0000"
267,"EL MOSTRADOR-pais-Alcaldesa Reginato ofició al Ministerio del Interior y autoridades regionales para resguardar el orden público-Tue, 05 Nov 2019 20:25:04 +0000"
268,"EL MOSTRADOR-pais-Ward cambia el tono tras molestia del Senado y se muestra dispuesto a un diálogo-Tue, 05 Nov 2019 19:00:31 +0000"
269,"EL MOSTRADOR-pais-Senador Alejandro Guillier: Sin cambio de Constitución, no pueden haber reformas estructurales-Tue, 05 Nov 2019 18:50:30 +0000"
270,"EL MOSTRADOR-pais-Piñera anuncia plan pro pymes y asegura que “lo que han hecho estos violentistas no tiene perdón de Dios”-Tue, 05 Nov 2019 17:19:09 +0000"
271,"EL MOSTRADOR-pais-Diputado Silber acusa “ausencia de transparencia y manto de oscuridad” en acuerdo entre MOP y autopistas-Tue, 05 Nov 2019 17:16:13 +0000"
272,"EL MOSTRADOR-pais-General director de Carabineros reconoce errores de uniformados pero “en un rango bastante aceptable”-Tue, 05 Nov 2019 16:45:37 +0000"
273,"EL MOSTRADOR-pais-Gobierno estudia la posibilidad de rebajar la tarifa del transporte público para los adultos mayores en todo el país-Tue, 05 Nov 2019 15:50:33 +0000"
274,"EL MOSTRADOR-pais-Desbordes se desmarca del oficialismo y pide que no le tengan “cuco” al proceso constituyente-Tue, 05 Nov 2019 15:24:02 +0000"
275,"EL MOSTRADOR-pais-DC presenta minuta con propuestas para acabar con la crisis social: dieta parlamentaria y nueva Constitución son los ejes-Tue, 05 Nov 2019 14:29:49 +0000"
276,"EL MOSTRADOR-pais-En estos instantes: incendio azota ladera del Cerro San Cristóbal-Tue, 05 Nov 2019 21:31:53 +0000"
277,"EL MOSTRADOR-pais-Proyecto de las 40 horas sigue avanzando y se vota este jueves en la Cámara-Tue, 05 Nov 2019 22:22:19 +0000"
278,"EL MOSTRADOR-pais-Cristián Valdivieso, director de Criteria: con el estallido social “Chile se repolitizó, pero no en la lógica de la política tradicional”-Tue, 05 Nov 2019 22:19:14 +0000"
279,"EL MOSTRADOR-pais-Asociación de Familiares de Detenidos Desaparecidos exige la renuncia de Sergio Micco al INDH-Tue, 05 Nov 2019 22:16:35 +0000"
280,"EL MOSTRADOR-pais-Manifestantes atacan sede de la UDI y el memorial de Jaime Guzmán: Van Rysselberghe lo califica como “vandalismo puro”-Wed, 06 Nov 2019 21:20:24 +0000"
281,"EL MOSTRADOR-pais-Campeones: Chile supera ampliamente a las peores zonas del Medio Oriente en cantidad de lesionados en los ojos por balines antidisturbios-Wed, 06 Nov 2019 20:15:31 +0000"
282,"EL MOSTRADOR-pais-Piñera visitó a joven con lesión ocular tras ser golpeado por un perdigón de goma-Wed, 06 Nov 2019 20:13:19 +0000"
283,"EL MOSTRADOR-pais-Defensa de Sebastián Dávalos solicitó audiencia de conciliación en juicio contra Canal 13-Wed, 06 Nov 2019 19:11:28 +0000"
284,"EL MOSTRADOR-pais-Metro avanza en recuperación de Línea 4 y anuncia que electrificaron tramo entre Las Torres y Plaza de Puente Alto-Wed, 06 Nov 2019 18:47:10 +0000"
285,"EL MOSTRADOR-pais-De la UDI al Frente Amplio: Diputados firman carta para impulsar límite a reelección parlamentaria “sin letra chica”-Wed, 06 Nov 2019 18:24:00 +0000"
286,"EL MOSTRADOR-pais-Fuerte congestión en Valparaíso por protesta “No + Tag” de camioneros y taxistas-Wed, 06 Nov 2019 18:09:13 +0000"
287,"EL MOSTRADOR-pais-La Semana Política y el clamor ciudadano por una Nueva Constitución: un proceso que demorará un largo tiempo-Wed, 06 Nov 2019 18:04:03 +0000"
288,"EL MOSTRADOR-pais-La contradicción de la UDI: gremialismo se olvida de su discurso y pide “bono de la dignidad” de $500 mil-Wed, 06 Nov 2019 17:26:44 +0000"
289,"EL MOSTRADOR-pais-Enfrentamientos entre manifestantes y Carabineros en marcha convocada en el Costanera Center-Wed, 06 Nov 2019 17:15:01 +0000"
290,"EL MOSTRADOR-pais-Bomberos de Talca denuncia que Carabineros detuvo sin razón a vicesuperintendente de la compañía-Thu, 07 Nov 2019 12:28:31 +0000"
291,"EL MOSTRADOR-pais-Nueva jornada de protestas: Ruta 68 dirección Santiago amanece bloqueada por camioneros-Thu, 07 Nov 2019 10:49:43 +0000"
292,"EL MOSTRADOR-pais-Alejandra Arratia, directora ejecutiva de Educación 2020, y la condonación al CAE: “Hay que evaluar alternativas”-Thu, 07 Nov 2019 04:08:26 +0000"
293,"EL MOSTRADOR-pais-Las incongruencias en la muerte de César Mallea: el hombre que apareció colgado en la comisaría de Peñaflor-Thu, 07 Nov 2019 04:07:08 +0000"
294,"EL MOSTRADOR-pais-General Mario Rozas justifica detenciones de carabineros de civil en autos particulares: “Está debidamente autorizado”-Thu, 07 Nov 2019 00:29:33 +0000"
295,"EL MOSTRADOR-pais-Comisión de Constitución aprueba indicación para que el Banco Central establezca dieta parlamentaria y sueldos de altos cargos del Estado-Wed, 06 Nov 2019 23:21:45 +0000"
296,"EL MOSTRADOR-pais-Comisión del Senado rechaza proyecto de sala cuna universal: Provoste acusa que “reinstala el lucro en la educación inicial”-Wed, 06 Nov 2019 23:04:04 +0000"
297,"EL MOSTRADOR-pais-Protestas continúan a nivel nacional pese a intentos del Gobierno de dar una señal de normalidad-Wed, 06 Nov 2019 22:47:14 +0000"
298,"EL MOSTRADOR-pais-INDH oficia al Minsal por cifras de lesionados y exige al gobierno que la policía haga uso correcto de protocolos-Wed, 06 Nov 2019 22:45:29 +0000"
299,"EL MOSTRADOR-pais-Cristóbal Lira Ibáñez, el exasesor de Chadwick, fue elegido como nuevo alcalde de Lo Barnechea-Wed, 06 Nov 2019 22:07:47 +0000"
300,"EL MOSTRADOR-opinion-Las leyes que los niños y niñas necesitan-Tue, 29 Oct 2019 16:33:39 +0000"
301,"EL MOSTRADOR-opinion-Chile, uno de los países más desiguales del mundo-Tue, 29 Oct 2019 16:18:21 +0000"
302,"EL MOSTRADOR-opinion-¿Cultura del miedo o cultura de la Paz?-Tue, 29 Oct 2019 14:18:50 +0000"
303,"EL MOSTRADOR-opinion-Vuelve el fútbol mientras siguen réplicas del terremoto social-Tue, 29 Oct 2019 04:20:16 +0000"
304,"EL MOSTRADOR-opinion-Chile, la rebelión de las redes sociales-Tue, 29 Oct 2019 04:18:58 +0000"
305,"EL MOSTRADOR-opinion-Ha llegado el momento de hablar en serio de una Constitución democrática-Tue, 29 Oct 2019 04:04:35 +0000"
306,"EL MOSTRADOR-opinion-Carta a lxs primerxs alienígenas-Mon, 28 Oct 2019 04:20:41 +0000"
307,"EL MOSTRADOR-opinion-La Constitución del modelo-Mon, 28 Oct 2019 04:18:05 +0000"
308,"EL MOSTRADOR-opinion-Carta Iberoamericana de Ética e Integridad en la Función Pública: una buena noticia-Mon, 28 Oct 2019 04:16:24 +0000"
309,"EL MOSTRADOR-opinion-El momento constituyente de Chile-Mon, 28 Oct 2019 04:04:14 +0000"
310,"EL MOSTRADOR-opinion-¿Cómo disminuir el gasto en que las personas incurren en medicamentos?-Wed, 30 Oct 2019 04:26:01 +0000"
311,"EL MOSTRADOR-opinion-Y las AFP lo hicieron de nuevo-Wed, 30 Oct 2019 04:18:05 +0000"
312,"EL MOSTRADOR-opinion-El TPP-11 en los tiempos del cólera-Wed, 30 Oct 2019 04:09:32 +0000"
313,"EL MOSTRADOR-opinion-Agencia Nacional de Inteligencia: una responsabilidad inexcusable y una ausencia incomprensible-Wed, 30 Oct 2019 04:06:13 +0000"
314,"EL MOSTRADOR-opinion-Sebastián Piñera y su peligrosa sordera: el problema es usted-Wed, 30 Oct 2019 04:02:48 +0000"
315,"EL MOSTRADOR-opinion-París era una fiesta: mayo del 68 y Santiago el 2019-Wed, 30 Oct 2019 04:00:47 +0000"
316,"EL MOSTRADOR-opinion-Académicas y académicos de la UC sobre la violencia y desigualdad en Chile-Wed, 30 Oct 2019 03:57:18 +0000"
317,"EL MOSTRADOR-opinion-El cáncer de Chile-Wed, 30 Oct 2019 03:34:07 +0000"
318,"EL MOSTRADOR-opinion-La nunca concretada renovación de la derecha chilena y una oportunidad histórica-Thu, 31 Oct 2019 04:20:10 +0000"
319,"EL MOSTRADOR-opinion-¿Una política de ciencia en el camino equivocado?-Thu, 31 Oct 2019 04:19:39 +0000"
320,"EL MOSTRADOR-opinion-La rebelión por la dignidad y las alianzas redistributivas en Chile-Thu, 31 Oct 2019 04:18:55 +0000"
321,"EL MOSTRADOR-opinion-Destitución o impunidad-Thu, 31 Oct 2019 03:20:29 +0000"
322,"EL MOSTRADOR-opinion-¿Normalidad o anestesia?-Sat, 02 Nov 2019 13:10:17 +0000"
323,"EL MOSTRADOR-opinion-La mala educación-Sat, 02 Nov 2019 04:20:52 +0000"
324,"EL MOSTRADOR-opinion-Urgencia de lo social contra la desigualdad abismal-Sat, 02 Nov 2019 04:18:00 +0000"
325,"EL MOSTRADOR-opinion-El fin de la transición  y la necesidad de una nueva constitución-Sat, 02 Nov 2019 04:16:32 +0000"
326,"EL MOSTRADOR-opinion-Tres relatos para una crisis: Partidos del Orden, Peña y Movimiento Social-Sat, 02 Nov 2019 04:16:02 +0000"
327,"EL MOSTRADOR-opinion-COP y APEC: una contradicción no resuelta-Sat, 02 Nov 2019 04:08:42 +0000"
328,"EL MOSTRADOR-opinion-Choque de América-Sat, 02 Nov 2019 04:06:27 +0000"
329,"EL MOSTRADOR-opinion-Herencia indeseable-Sat, 02 Nov 2019 03:45:20 +0000"
330,"EL MOSTRADOR-opinion-¿Elites o quintrales?-Sat, 02 Nov 2019 03:41:33 +0000"
331,"EL MOSTRADOR-opinion-Justicia: la gran ausente en la agenda social-Fri, 01 Nov 2019 04:20:58 +0000"
332,"EL MOSTRADOR-opinion-Vía pacífica al desarrollo: la inevitabilidad política de la socialdemocracia en Chile-Sun, 03 Nov 2019 22:51:14 +0000"
333,"EL MOSTRADOR-opinion-Es hora que Chile cuente con un nuevo  sistema nacional de inteligencia-Sun, 03 Nov 2019 17:30:28 +0000"
334,"EL MOSTRADOR-opinion-Cuando la mentira es descarada-Sun, 03 Nov 2019 17:00:41 +0000"
335,"EL MOSTRADOR-opinion-Alzamiento popular en Chile-Sun, 03 Nov 2019 16:30:08 +0000"
336,"EL MOSTRADOR-opinion-Cambiar la Constitución no es fácil. Nunca lo ha sido-Sun, 03 Nov 2019 15:20:55 +0000"
337,"EL MOSTRADOR-opinion-Siutiquería analítica luego del reventón social de octubre en Chile-Sun, 03 Nov 2019 04:18:18 +0000"
338,"EL MOSTRADOR-opinion-Nuestro cuiquerío flaite-Sun, 03 Nov 2019 04:16:21 +0000"
339,"EL MOSTRADOR-opinion-Los obstáculos para construir una salida-Sun, 03 Nov 2019 04:10:00 +0000"
340,"EL MOSTRADOR-opinion-Responsabilidades que asumir-Mon, 04 Nov 2019 04:20:28 +0000"
341,"EL MOSTRADOR-opinion-Chile: las otras formas de violencia-Mon, 04 Nov 2019 04:18:36 +0000"
342,"EL MOSTRADOR-opinion-Constitución democrática o caos neoliberal-Mon, 04 Nov 2019 04:16:15 +0000"
343,"EL MOSTRADOR-opinion-El deber de los demócratas es dialogar y llegar pronto a acuerdos concretos-Mon, 04 Nov 2019 04:10:25 +0000"
344,"EL MOSTRADOR-opinion-Cuatro escenarios de salida a la actual crisis de gobernabilidad-Mon, 04 Nov 2019 04:06:57 +0000"
345,"EL MOSTRADOR-opinion-Ingreso Mínimo Garantizado por Hogar (IMGH) al 50% más pobre del país-Mon, 04 Nov 2019 04:02:47 +0000"
346,"EL MOSTRADOR-opinion-Pasos para empezar a salir de esta grave crisis-Mon, 04 Nov 2019 04:00:48 +0000"
347,"EL MOSTRADOR-opinion-En defensa de las fuerzas de orden-Tue, 05 Nov 2019 04:20:47 +0000"
348,"EL MOSTRADOR-opinion-La derrota de Piñera: el reconocimiento de la desigualdad-Tue, 05 Nov 2019 04:18:13 +0000"
349,"EL MOSTRADOR-opinion-Un nuevo pacto social y la lucha contra la corrupción: la cruzada transversal-Tue, 05 Nov 2019 04:16:56 +0000"
350,"EL MOSTRADOR-opinion-Sobre la obligatoriedad de la ley (a propósito de la exhortación de la ministra Rubilar)-Tue, 05 Nov 2019 04:02:09 +0000"
351,"EL MOSTRADOR-opinion-El conflicto social y el modelo de desarrollo chileno-Tue, 05 Nov 2019 04:00:00 +0000"
352,"EL MOSTRADOR-opinion-Una iniciativa para intentar disminuir la desigualdad-Tue, 05 Nov 2019 03:08:19 +0000"
353,"EL MOSTRADOR-opinion-¿Vida o Propiedad?-Tue, 05 Nov 2019 03:05:56 +0000"
354,"EL MOSTRADOR-opinion-Sacerdocio para varones casados-Wed, 06 Nov 2019 04:20:21 +0000"
355,"EL MOSTRADOR-opinion-El esperanzador camino de la incompetencia-Wed, 06 Nov 2019 04:18:27 +0000"
356,"EL MOSTRADOR-opinion-¿Cómo rebajar el alto costo de los bienes y servicios?-Wed, 06 Nov 2019 04:16:49 +0000"
357,"EL MOSTRADOR-opinion-Legitimidad social y acuerdo constitucional-Wed, 06 Nov 2019 04:02:48 +0000"
358,"EL MOSTRADOR-opinion-¿Fracaso de la política o de los políticos?-Wed, 06 Nov 2019 03:46:32 +0000"
359,"EL MOSTRADOR-opinion-Trascender y dejar huella-Thu, 07 Nov 2019 04:20:21 +0000"
360,"EL MOSTRADOR-opinion-Propuesta de administración 2.0 de las FF.AA. de Chile-Thu, 07 Nov 2019 04:18:52 +0000"
361,"EL MOSTRADOR-opinion-Existe un peor panorama de la economía mundial-Thu, 07 Nov 2019 04:16:43 +0000"
362,"EL MOSTRADOR-opinion-La intención del constituyente-Thu, 07 Nov 2019 04:10:45 +0000"
363,"EL MOSTRADOR-opinion-Proceso constituyente y pueblos indígenas: ¿cuál debe ser nuestra actitud?-Thu, 07 Nov 2019 04:00:35 +0000"
364,"EL MOSTRADOR-mundo-Militares de EE.UU. lanzan al mar el cuerpo de líder del Estado Islámico-Tue, 29 Oct 2019 12:52:31 +0000"
365,"EL MOSTRADOR-mundo-Hong Kong prohíbe al activista Joshua Wong presentarse a los comicios locales-Tue, 29 Oct 2019 11:27:07 +0000"
366,"EL MOSTRADOR-mundo-Iván Weissman desde Buenos Aires y el análisis del día después del triunfo de Alberto Fernández-Mon, 28 Oct 2019 21:45:10 +0000"
367,"EL MOSTRADOR-mundo-Abu Bakr al Baghdadi, el líder de Estado Islámico que ideó un imperio de terror y muerte en Medio Oriente-Mon, 28 Oct 2019 13:35:43 +0000"
368,"EL MOSTRADOR-mundo-Martínez y Lacalle disputarán Presidencia uruguaya en segunda vuelta-Mon, 28 Oct 2019 12:47:45 +0000"
369,"EL MOSTRADOR-mundo-El triunfo de Fernández devuelve al peronismo al poder-Mon, 28 Oct 2019 10:58:41 +0000"
370,"EL MOSTRADOR-mundo-Fernández gana la presidencia de Argentina en primera vuelta: según primeros resultados oficiales-Sun, 27 Oct 2019 23:34:13 +0000"
371,"EL MOSTRADOR-mundo-Domingo electoral: abren las urnas en Argentina y Uruguay-Sun, 27 Oct 2019 12:48:34 +0000"
372,"EL MOSTRADOR-mundo-Maduro celebra masiva marcha en Chile: “Se cumplió la profecía de Salvador Allende y Víctor Jara”-Sat, 26 Oct 2019 23:07:58 +0000"
373,"EL MOSTRADOR-mundo-Bolsonaro dice estar preocupado con “inestabilidad” en América Latina-Sat, 26 Oct 2019 19:07:46 +0000"
374,"EL MOSTRADOR-mundo-Primer ministro del Líbano renunció tras 13 días de protestas-Wed, 30 Oct 2019 11:51:46 +0000"
375,"EL MOSTRADOR-mundo-Las reacciones de la prensa internacional tras cancelación de la APEC y COP25 en Chile-Wed, 30 Oct 2019 16:47:36 +0000"
376,"EL MOSTRADOR-mundo-El mayor sindicato argentino pide formalmente la beatificación de Evita Perón-Fri, 01 Nov 2019 19:24:29 +0000"
377,"EL MOSTRADOR-mundo-Trump en aprietos: Demócratas dan forma al diseño de interrogatorios y mantienen abierta la posibilidad de juicio político-Fri, 01 Nov 2019 17:26:28 +0000"
378,"EL MOSTRADOR-mundo-Rusia rechaza acusaciones de EE.UU. de intentar desestabilizar Chile-Fri, 01 Nov 2019 11:47:54 +0000"
379,"EL MOSTRADOR-mundo-Donald Trump denuncia injerencia extranjera en protestas en Chile-Thu, 31 Oct 2019 16:37:20 +0000"
380,"EL MOSTRADOR-mundo-Maduro afirma que en Chile comenzó “un proceso popular constituyente, quiéranlo o no los sectores de la oligarquía”-Thu, 31 Oct 2019 13:47:14 +0000"
381,"EL MOSTRADOR-mundo-Oposición de Bolivia da 48 horas a Morales para que renuncie-Sun, 03 Nov 2019 13:06:38 +0000"
382,"EL MOSTRADOR-mundo-Sin Maduro: Argentina busca apoyo en México para impulsar eje progresista en América Latina-Mon, 04 Nov 2019 12:44:50 +0000"
383,"EL MOSTRADOR-mundo-Soldado turco regala chocolate a niño sirio en plena intervención bélica en el país del medio oriente-Mon, 04 Nov 2019 16:50:47 +0000"
384,"EL MOSTRADOR-mundo-Nueva Delhi bajo “una emergencia de salud pública” por nube tóxica-Mon, 04 Nov 2019 16:22:32 +0000"
385,"EL MOSTRADOR-mundo-30 años de la caída del Muro de Berlín: Mijaíl Gorbachov advierte que el mundo está “ante un peligro colosal”-Tue, 05 Nov 2019 10:56:32 +0000"
386,"EL MOSTRADOR-mundo-Estados Unidos sanciona a otros cinco funcionarios venezolanos-Tue, 05 Nov 2019 19:17:28 +0000"
387,"EL MOSTRADOR-mundo-Francia endurece política migratoria con polémicas medidas-Wed, 06 Nov 2019 19:39:10 +0000"
388,"EL MOSTRADOR-mundo-Familia LeBarón: quiénes son las víctimas de la emboscada en México que dejó al menos 9 muertos-Wed, 06 Nov 2019 17:28:54 +0000"
389,"EL MOSTRADOR-mundo-Policía dispersa choques entre opositores y seguidores de Evo Morales-Wed, 06 Nov 2019 11:04:27 +0000"
390,"EL MOSTRADOR-mundo-Exjuez Garzón: “Me parece rematadamente mal que se le ofrezca la presidencia de la COP25 a Piñera”-Tue, 05 Nov 2019 22:25:00 +0000"
391,"EL MOSTRADOR-mundo-Rafael Correa: “Tengo más juicios penales que Al Capone, Pinochet y el Chapo Guzmán juntos”-Thu, 07 Nov 2019 11:04:38 +0000"
392,"EL MOSTRADOR-la seleccion-Todo Chile celebra: la Roja vence a Ecuador 2-1 y saca los pasajes para Brasil 2014-Wed, 16 Oct 2013 01:48:21 +0000"
393,"EL MOSTRADOR-la seleccion-Camino al Mundial: La “Roja” derrota 2-0 a Ecuador tras el primer lapso y está clasificando a Brasil 2014-Wed, 16 Oct 2013 00:23:46 +0000"
394,"EL MOSTRADOR-la seleccion-La Mesa, la apuesta de El Mostrador Mercados que analiza el mundo del dinero en TV-Tue, 09 Apr 2013 01:00:15 +0000"
395,"EL MOSTRADOR-la seleccion-Vegetales Naturales? Como los vegetales que comemos todos los días han sido inventados por el hombre.-Tue, 09 Apr 2013 01:00:15 +0000"
396,"EL MOSTRADOR-la seleccion-El Nuevo Mercosur: Fernando Thauby-Tue, 09 Apr 2013 01:00:15 +0000"
397,"EL MOSTRADOR-la seleccion-La fiscalí­a rusa hostiga a los opositores de Putin | Internacional | EL PA-Tue, 09 Apr 2013 01:00:15 +0000"
398,"EL MOSTRADOR-la seleccion-Perú otra vez sorprende con la campaña de imagen país-Tue, 09 Apr 2013 01:00:15 +0000"
399,"EL MOSTRADOR-la seleccion-Un avance de “La Mala Educa$ión”  en Factor Público-Tue, 09 Apr 2013 01:00:15 +0000"
400,"EL MOSTRADOR-la seleccion-Lindísima reseña de Sábados Gigantes y Don Francisco-Tue, 09 Apr 2013 01:00:15 +0000"
401,"EL MOSTRADOR-la seleccion-Los mejores autos diseñados por  Sergio Pininfarina-Tue, 09 Apr 2013 01:00:15 +0000"
402,"EL MOSTRADOR-vida en linea-Estudio revela que apnea del sueño provoca hígado graso-Tue, 29 Oct 2019 05:37:48 +0000"
403,"EL MOSTRADOR-vida en linea-Usan gusanos para identificar los puntos débiles de células tumorales humanas-Mon, 28 Oct 2019 16:41:57 +0000"
404,"EL MOSTRADOR-vida en linea-Vuelta a clases y cómo abordarlo después de una semana diferente-Mon, 28 Oct 2019 05:48:47 +0000"
405,"EL MOSTRADOR-vida en linea-Un medicamento promete acabar con la gripe, definitivamente-Fri, 25 Oct 2019 03:09:03 +0000"
406,"EL MOSTRADOR-vida en linea-Presión arterial: investigadores señalan que es mejor tomar los medicamentos antes de dormir-Thu, 24 Oct 2019 05:13:35 +0000"
407,"EL MOSTRADOR-vida en linea-Recomendaciones de autocuidado ante las situaciones de violencia en el estado de emergencia actual-Wed, 23 Oct 2019 19:11:10 +0000"
408,"EL MOSTRADOR-vida en linea-Dejé de fumar y me siento mucho mejor-Wed, 23 Oct 2019 14:50:49 +0000"
409,"EL MOSTRADOR-vida en linea-Cómo enfrentar emocionalmente los momentos de crisis y conflictos-Mon, 21 Oct 2019 18:00:33 +0000"
410,"EL MOSTRADOR-vida en linea-Ortorexia: el vicio de la comida sana-Mon, 21 Oct 2019 15:34:11 +0000"
411,"EL MOSTRADOR-vida en linea-Cuidado: el uso de cigarrillos electrónicos provoca EVALI-Sun, 20 Oct 2019 04:25:02 +0000"
412,"EL MOSTRADOR-vida en linea-Investigadores chilenos están buscando cómo detectar linfedema antes que se manifieste-Wed, 30 Oct 2019 09:54:37 +0000"
413,"EL MOSTRADOR-vida en linea-Células madre: ¿son realmente efectivas las cada vez más populares terapias que las usan?-Wed, 30 Oct 2019 19:15:07 +0000"
414,"EL MOSTRADOR-vida en linea-Los alimentos que ayudan al cerebro a funcionar mejor-Fri, 01 Nov 2019 12:32:26 +0000"
415,"EL MOSTRADOR-vida en linea-Alertan por evitar el consumo excesivo de azúcar en Halloween-Thu, 31 Oct 2019 07:41:08 +0000"
416,"EL MOSTRADOR-vida en linea-Las insospechadas maravillas que esconde un huevo-Sun, 03 Nov 2019 06:05:00 +0000"
417,"EL MOSTRADOR-vida en linea-Nutricionista aclara los mitos y verdades sobre las alergias alimentarias-Mon, 04 Nov 2019 10:07:59 +0000"
418,"EL MOSTRADOR-vida en linea-Superbacterias: tenía “la peor infección del planeta” pero su esposa no se dio por vencida-Tue, 05 Nov 2019 03:10:07 +0000"
419,"EL MOSTRADOR-vida en linea-El experimento laboral de Microsoft: redujo jornadas de trabajo y productividad aumentó 40%-Tue, 05 Nov 2019 18:20:25 +0000"
420,"EL MOSTRADOR-vida en linea-Continúa la búsqueda de células madre sanguíneas para salvar a Catalina-Tue, 05 Nov 2019 16:15:32 +0000"
421,"EL MOSTRADOR-cultura-Hernán Rivera Letelier: “No creo en la resurrección, acá se acaba todo”-Tue, 29 Oct 2019 21:00:01 +0000"
422,"EL MOSTRADOR-cultura-Editores de la Furia se restan de delegación oficial de Feria de Guadalajara en protesta por crisis social-Tue, 29 Oct 2019 19:30:50 +0000"
423,"EL MOSTRADOR-cultura-Organizadores suspenden Feria Internacional del Libro de Santiago-Tue, 29 Oct 2019 17:30:01 +0000"
424,"EL MOSTRADOR-cultura-El Día de Muertos y las seis películas para “revivir” esa tradición mexicana-Tue, 29 Oct 2019 15:30:57 +0000"
425,"EL MOSTRADOR-cultura-Alejandro Zambra: “Recién cuando haya una nueva Constitución vamos a vislumbrar la posibilidad de un nuevo comienzo”-Tue, 29 Oct 2019 13:30:39 +0000"
426,"EL MOSTRADOR-cultura-Festival de Jazz ChilEuropa en Santiago y Chillán-Tue, 29 Oct 2019 12:30:59 +0000"
427,"EL MOSTRADOR-cultura-Sorprendente exposición fotográfica que destaca la  belleza del planeta llega por primera vez a Chile-Tue, 29 Oct 2019 11:30:17 +0000"
428,"EL MOSTRADOR-cultura-Cacerolazos, arte y cultura en el Chile que despierta-Tue, 29 Oct 2019 08:00:48 +0000"
429,"EL MOSTRADOR-cultura-La ciencia: motor de cambio social-Tue, 29 Oct 2019 04:00:52 +0000"
430,"EL MOSTRADOR-cultura-Noche de bossa nova con Marinho Boffa en Teatro Centro Cultural de La Reina-Tue, 29 Oct 2019 03:30:19 +0000"
431,"EL MOSTRADOR-cultura-La evolución nos dice que es probable que seamos la única vida inteligente del universo-Wed, 30 Oct 2019 12:00:42 +0000"
432,"EL MOSTRADOR-cultura-Investigación científica: ¿parte del problema o parte de la solución?-Wed, 30 Oct 2019 08:05:30 +0000"
433,"EL MOSTRADOR-cultura-Observador de la COP25 advierte que la crisis social afecta Cumbre Climática y pone en duda su realización-Wed, 30 Oct 2019 04:04:05 +0000"
434,"EL MOSTRADOR-cultura-Concierto ciudadano en Centro GAM-Wed, 30 Oct 2019 03:50:24 +0000"
435,"EL MOSTRADOR-cultura-Por contingencia nacional se cancela Puerto de ideas Valparaíso 2019-Wed, 30 Oct 2019 23:45:17 +0000"
436,"EL MOSTRADOR-cultura-Científicos lamentan que estando “en un punto de no retorno” ante el Cambio Climático se pierda la posibilidad de actuar a tiempo-Wed, 30 Oct 2019 21:13:11 +0000"
437,"EL MOSTRADOR-cultura-Nano Stern: “Hay que mantenerse conectado con lo que pasa en el país entero”-Wed, 30 Oct 2019 14:30:36 +0000"
438,"EL MOSTRADOR-cultura-Exposición “Silenciosa” de la artista Carmen Vicuña en Galería QUQU-Wed, 30 Oct 2019 12:30:10 +0000"
439,"EL MOSTRADOR-cultura-Coloquio de perros: por segunda vez reunirá a actores del actual movimiento social con todo el público-Sat, 02 Nov 2019 13:38:57 +0000"
440,"EL MOSTRADOR-cultura-El resurgimiento (en gloria y majestad) de “Los Prisioneros”-Sat, 02 Nov 2019 12:00:44 +0000"
441,"EL MOSTRADOR-cultura-Muralista INTI realiza nuevo mural en Chile que retrata el despertar de Chile-Fri, 01 Nov 2019 14:30:38 +0000"
442,"EL MOSTRADOR-cultura-Crítica a libro “Tizne” de Ismael Rivera: la poesía como bomba de racimo-Fri, 01 Nov 2019 12:15:35 +0000"
443,"EL MOSTRADOR-cultura-Lenwa Dura estrenó en Youtube su primer disco solista en apoyo al movimiento social-Thu, 31 Oct 2019 14:30:29 +0000"
444,"EL MOSTRADOR-cultura-Monumentos Públicos y el valor de la discordia-Thu, 31 Oct 2019 12:00:01 +0000"
445,"EL MOSTRADOR-cultura-Maisa Rojas, asesora científica para la COP25: “Algunas demandas ciudadanas están muy vinculadas con el tema ambiental”-Thu, 31 Oct 2019 04:08:13 +0000"
446,"EL MOSTRADOR-cultura-Con altar del Día de los Muertos Museo Violeta Parra recuerda a las personas fallecidas en las manifestaciones sociales-Sat, 02 Nov 2019 16:00:51 +0000"
447,"EL MOSTRADOR-cultura-Netflix: la nueva función de reproducción que causa indignación entre cineastas y actores-Sun, 03 Nov 2019 16:30:05 +0000"
448,"EL MOSTRADOR-cultura-Científicos del IMO acusan miopía de las autoridades por cancelación de COP: “No hay dos crisis, hay una sola y es socioambiental”-Sun, 03 Nov 2019 14:09:08 +0000"
449,"EL MOSTRADOR-cultura-Hygiea, el asteroide que podría ser el planeta enano más pequeño del Sistema Solar-Sun, 03 Nov 2019 14:00:50 +0000"
450,"EL MOSTRADOR-cultura-Ciencias y humanidades: las dos culturas y los dos idiotas-Sun, 03 Nov 2019 12:32:30 +0000"
451,"EL MOSTRADOR-cultura-Cita de libros: Recomendaciones para comprender el estallido social-Sun, 03 Nov 2019 03:30:22 +0000"
452,"EL MOSTRADOR-cultura-Confirmación realización festival de documentales FEDOCH-Mon, 04 Nov 2019 11:20:14 +0000"
453,"EL MOSTRADOR-cultura-“El resplandor”: en busca de los mensajes ocultos en la película de Stanley Kubrick-Mon, 04 Nov 2019 08:24:53 +0000"
454,"EL MOSTRADOR-cultura-Lanzamiento de libro “El costo del silencio” en Sala Master Radio U. de Chile-Mon, 04 Nov 2019 03:30:50 +0000"
455,"EL MOSTRADOR-cultura-Festival Internacional de Teatro del Biobío cumple 10 años y confirma realización-Mon, 04 Nov 2019 14:00:41 +0000"
456,"EL MOSTRADOR-cultura-Documental “Robert Doisneau” en Centro Cultural de Las Condes-Mon, 04 Nov 2019 15:30:31 +0000"
457,"EL MOSTRADOR-cultura-Educación matemática y crisis social en Chile-Tue, 05 Nov 2019 11:26:30 +0000"
458,"EL MOSTRADOR-cultura-‘Joker’ o las máscaras del descontento social-Tue, 05 Nov 2019 08:30:48 +0000"
459,"EL MOSTRADOR-cultura-Gobierno baja un par de cambios al Museo de la Democracia y admite que por crisis revisará guión del polémico recinto-Tue, 05 Nov 2019 04:03:07 +0000"
460,"EL MOSTRADOR-cultura-Exposición “Notizen” de Gonzalo Díaz en Galería D21 Proyectos de Arte-Tue, 05 Nov 2019 03:58:30 +0000"
461,"EL MOSTRADOR-cultura-Las historias detrás de las imágenes del octubre rojo chileno-Mon, 04 Nov 2019 20:55:34 +0000"
462,"EL MOSTRADOR-cultura-Elizabeth Subercaseaux publica novela histórica que recorre el Chile del siglo XX-Mon, 04 Nov 2019 18:23:53 +0000"
463,"EL MOSTRADOR-cultura-Inti Illimani & Jorge Baradit en Teatro Nescafé de las Artes-Mon, 04 Nov 2019 18:00:19 +0000"
464,"EL MOSTRADOR-cultura-Inti Illimani Histórico, Quilapayún y Daniel Alcaíno presentan nueva versión de “El derecho de vivir en paz”-Tue, 05 Nov 2019 17:30:45 +0000"
465,"EL MOSTRADOR-cultura-A treinta años de la caída del muro, Patricia Cerda presenta su novela “Luz en Berlín”-Tue, 05 Nov 2019 17:30:36 +0000"
466,"EL MOSTRADOR-cultura-Blade Runner: 5 predicciones tecnológicas de la película sobre 2019 que se hicieron realidad, resultaron equivocadas o están por cumplirse-Tue, 05 Nov 2019 15:30:00 +0000"
467,"EL MOSTRADOR-cultura-A fin de mes dejará de emitir la radio Beethoven-Wed, 06 Nov 2019 21:00:48 +0000"
468,"EL MOSTRADOR-cultura-Ministerio de las Culturas anuncia ganadores de los Premios Literarios 2019-Wed, 06 Nov 2019 19:30:03 +0000"
469,"EL MOSTRADOR-cultura-Concierto en homenaje a René Largo Farías-Wed, 06 Nov 2019 17:30:02 +0000"
470,"EL MOSTRADOR-cultura-Cómo la civilización ha transformado la especie humana-Wed, 06 Nov 2019 15:40:59 +0000"
471,"EL MOSTRADOR-cultura-Sobre el libro 11 de Carlos Soto Román: El resto es literatura-Wed, 06 Nov 2019 13:30:59 +0000"
472,"EL MOSTRADOR-cultura-Ciclo de charlas: Conversemos sobre cambio climático en Lo Matta Cultural-Wed, 06 Nov 2019 12:40:58 +0000"
473,"EL MOSTRADOR-cultura-Martin Scorsese: “tenemos dos campos separados, hay entretenimiento audiovisual mundial y hay cine”-Wed, 06 Nov 2019 11:30:35 +0000"
474,"EL MOSTRADOR-cultura-Razones para leer Richard Yates: la desolación como fuente de belleza-Wed, 06 Nov 2019 08:02:06 +0000"
475,"EL MOSTRADOR-cultura-Joe Sacco, reconocido novelista gráfico: “Chile puede estar viviendo un cambio cultural”-Wed, 06 Nov 2019 04:04:03 +0000"
476,"EL MOSTRADOR-cultura-Bordatón con artistas argentinos Leo Chiachio y Daniel Giannone en Isabel Croxatto Galería-Wed, 06 Nov 2019 03:28:25 +0000"
477,"EL MOSTRADOR-cultura-Solo la salud detiene a Catherine Deneuve-Thu, 07 Nov 2019 11:30:28 +0000"
478,"EL MOSTRADOR-cultura-Las acciones que recomiendan 11.000 científicos para evitar un “sufrimiento incalculable” por el cambio climático-Thu, 07 Nov 2019 04:02:01 +0000"
479,"EL MOSTRADOR-general-Incendio afecta a ladera del cerro Santa Lucía en medio de una nueva jornada de protestas-Tue, 29 Oct 2019 22:32:09 +0000"
480,"EL MOSTRADOR-general-Observador del INDH fue impactado por siete balines de Carabineros frente al GAM-Tue, 29 Oct 2019 22:02:55 +0000"
481,"EL MOSTRADOR-general-Carabinero rocía gas pimienta a manifestantes a menos de un metro de distancia-Tue, 29 Oct 2019 21:45:28 +0000"
482,"EL MOSTRADOR-general-Equipo de Bachelet enviado a Chile recorrerá regiones y se reunirá con víctimas que denunciaron violaciones de DD.HH.-Tue, 29 Oct 2019 21:36:39 +0000"
483,"EL MOSTRADOR-general-La “paz social”, la primera prioridad de Blumel a la cabeza del gabinete-Tue, 29 Oct 2019 21:32:15 +0000"
484,"EL MOSTRADOR-general-Hernán Rivera Letelier: “No creo en la resurrección, acá se acaba todo”-Tue, 29 Oct 2019 21:00:01 +0000"
485,"EL MOSTRADOR-general-Manifestantes se congregan en Plaza Italia para participar en la “Marcha más grande de la historia 2”-Tue, 29 Oct 2019 20:54:45 +0000"
486,"EL MOSTRADOR-general-Ministro Ward se arrepiente de antiguas declaraciones sobre DD.HH: “He sido descuidado en el pasado”-Tue, 29 Oct 2019 20:39:28 +0000"
487,"EL MOSTRADOR-general-Los desnudos que interpelaron a carabineros por las víctimas mortales de las protestas-Tue, 29 Oct 2019 20:09:56 +0000"
488,"EL MOSTRADOR-general-Swett, el presidente de los empresarios: “Hay que agrandar nuestras manos, meterlas en el bolsillo y que duela”-Tue, 29 Oct 2019 20:05:51 +0000"
489,"EL MOSTRADOR-general-Chadwick no supera el estallido: oposición presentará este miércoles la acusación constitucional en su contra-Tue, 29 Oct 2019 23:02:21 +0000"
490,"EL MOSTRADOR-general-Hombre muere de un disparo en la cabeza en pleno centro de Concepción-Wed, 30 Oct 2019 01:19:49 +0000"
491,"EL MOSTRADOR-general-PDI detiene al primer involucrado en destrozos en las estaciones del Metro de Santiago-Wed, 30 Oct 2019 01:03:21 +0000"
492,"EL MOSTRADOR-general-Uno menos: Vladimir Putin decide no viajar a Chile para la APEC-Wed, 30 Oct 2019 00:36:25 +0000"
493,"EL MOSTRADOR-general-Felipe Guevara deja Lo Barnechea y es la carta del Gobierno para la Intendencia Metropolitana-Wed, 30 Oct 2019 00:25:28 +0000"
494,"EL MOSTRADOR-general-Consejo de Rectores aplaza la fecha de la PSU por la “seguridad y tranquilidad” de los estudiantes-Tue, 29 Oct 2019 23:59:49 +0000"
495,"EL MOSTRADOR-general-Contraloría inicia investigación para aclarar desvinculación de jefa del Departamento de Laboratorios del SML-Tue, 29 Oct 2019 23:38:00 +0000"
496,"EL MOSTRADOR-general-Micco anuncia querella y pide a ministro del Interior que Carabineros respete manifestaciones pacíficas tras baleo a observador del INDH-Tue, 29 Oct 2019 22:02:55 +0000"
497,"EL MOSTRADOR-general-Primer ministro del Líbano renunció tras 13 días de protestas-Wed, 30 Oct 2019 11:51:46 +0000"
498,"EL MOSTRADOR-general-General director de Carabineros anunció un sumario administrativo por funcionario del INDH herido-Wed, 30 Oct 2019 11:33:24 +0000"
499,"EL MOSTRADOR-general-No + Tag llamará a una “movilización más fuerte” tras respuesta “insatisfactoria” del MOP-Wed, 30 Oct 2019 11:05:42 +0000"
500,"EL MOSTRADOR-general-Gobiernos de otros países advierten riesgos de viajar a Chile en medio de crisis social-Wed, 30 Oct 2019 10:51:18 +0000"
501,"EL MOSTRADOR-general-Investigadores chilenos están buscando cómo detectar linfedema antes que se manifieste-Wed, 30 Oct 2019 09:54:37 +0000"
502,"EL MOSTRADOR-general-Investigación científica: ¿parte del problema o parte de la solución?-Wed, 30 Oct 2019 08:05:30 +0000"
503,"EL MOSTRADOR-general-Competencias digitales en Chile: falta de conocimiento y preparación marcan el retroceso-Wed, 30 Oct 2019 07:37:00 +0000"
504,"EL MOSTRADOR-general-Abogadas de la organización AML Defensa de Mujeres piden la salida de la ministra Isabel Plá-Wed, 30 Oct 2019 04:41:29 +0000"
505,"EL MOSTRADOR-general-¿Cómo disminuir el gasto en que las personas incurren en medicamentos?-Wed, 30 Oct 2019 04:26:01 +0000"
506,"EL MOSTRADOR-general-Y las AFP lo hicieron de nuevo-Wed, 30 Oct 2019 04:18:05 +0000"
507,"EL MOSTRADOR-general-Agresión a Observador del INDH: Sergio Micco presenta querella y desmiente a diputada Núñez que calificó el hecho como “un montaje”-Wed, 30 Oct 2019 23:50:38 +0000"
508,"EL MOSTRADOR-general-Por contingencia nacional se cancela Puerto de ideas Valparaíso 2019-Wed, 30 Oct 2019 23:45:17 +0000"
509,"EL MOSTRADOR-general-La Semana Política: el alto costo de la vida en Chile, un tema de desigualdad y justicia social-Wed, 30 Oct 2019 23:37:23 +0000"
510,"EL MOSTRADOR-general-Según el Gobierno, sí es “universal”: ministerios salen en defensa del criticado proyecto de ley de Sala Cuna-Wed, 30 Oct 2019 23:24:13 +0000"
511,"EL MOSTRADOR-general-Algunos son por acción de agentes del Estado: Fiscalía investiga 23 muertes ocurridas durante el Estado de Emergencia-Wed, 30 Oct 2019 22:57:53 +0000"
512,"EL MOSTRADOR-general-Nueva Constitución suma apoyos: vocero de la Corte Suprema pide considerar “el clamor de la ciudadanía”-Wed, 30 Oct 2019 22:45:36 +0000"
513,"EL MOSTRADOR-general-Piñera da espaldarazo a Carabineros mientras la Fiscalía investiga 840 denuncias por posibles violaciones a DD.HH.-Wed, 30 Oct 2019 22:31:30 +0000"
514,"EL MOSTRADOR-general-Difunden en redes sociales el actuar de Carabineros para disipar marchas en el centro de Santiago-Wed, 30 Oct 2019 22:26:09 +0000"
515,"EL MOSTRADOR-general-Foro Permanente de Política Exterior asegura que la suspensión de la APEC y de la COP25 es producto de la “incapacidad del Gobierno”-Wed, 30 Oct 2019 22:15:33 +0000"
516,"EL MOSTRADOR-general-Defensoría Jurídica UChile y el actuar de Carabineros en las protestas: han actuado “sin el apego y cumplimientos de los protocolos institucionales”-Wed, 30 Oct 2019 21:35:34 +0000"
517,"EL MOSTRADOR-general-Greta Thunberg pone en duda su viaje a Chile tras suspensión de COP25: “Esperaré hasta tener más información”-Thu, 31 Oct 2019 10:21:15 +0000"
518,"EL MOSTRADOR-general-Turismo enfrenta su peor año con cancelación de cumbres APEC y COP25-Thu, 31 Oct 2019 09:44:34 +0000"
519,"EL MOSTRADOR-general-Fin de semana largo: 80% de los servicios de buses ya están funcionando-Thu, 31 Oct 2019 08:22:50 +0000"
520,"EL MOSTRADOR-general-Bandera Mapuche es protagonista de las marchas: ¿existe identidad cultural en Chile?-Thu, 31 Oct 2019 04:34:18 +0000"
521,"EL MOSTRADOR-general-La nunca concretada renovación de la derecha chilena y una oportunidad histórica-Thu, 31 Oct 2019 04:20:10 +0000"
522,"EL MOSTRADOR-general-¿Una política de ciencia en el camino equivocado?-Thu, 31 Oct 2019 04:19:39 +0000"
523,"EL MOSTRADOR-general-La rebelión por la dignidad y las alianzas redistributivas en Chile-Thu, 31 Oct 2019 04:18:55 +0000"
524,"EL MOSTRADOR-general-“Cuidemos el lenguaje en las manifestaciones”: artistas crean ilustraciones contra gritos transfóbicos, machistas y especistas-Thu, 31 Oct 2019 03:55:22 +0000"
525,"EL MOSTRADOR-general-Destitución o impunidad-Thu, 31 Oct 2019 03:20:29 +0000"
526,"EL MOSTRADOR-general-Coloquio de perros: por segunda vez reunirá a actores del actual movimiento social con todo el público-Sat, 02 Nov 2019 13:38:57 +0000"
527,"EL MOSTRADOR-general-Mareas de plástico: ¿resuelven los recolectores el problema de la basura?-Sat, 02 Nov 2019 13:37:49 +0000"
528,"EL MOSTRADOR-general-Centenares de manifestantes corean “¡Chile despertó!” en Australia-Sat, 02 Nov 2019 13:28:44 +0000"
529,"EL MOSTRADOR-general-Iván Flores: “He visto un gobierno bastante aturdido con los golpes que se le han dado”-Sat, 02 Nov 2019 13:15:12 +0000"
530,"EL MOSTRADOR-general-¿Normalidad o anestesia?-Sat, 02 Nov 2019 13:10:17 +0000"
531,"EL MOSTRADOR-general-El resurgimiento (en gloria y majestad) de “Los Prisioneros”-Sat, 02 Nov 2019 12:00:44 +0000"
532,"EL MOSTRADOR-general-La mala educación-Sat, 02 Nov 2019 04:20:52 +0000"
533,"EL MOSTRADOR-general-Urgencia de lo social contra la desigualdad abismal-Sat, 02 Nov 2019 04:18:00 +0000"
534,"EL MOSTRADOR-general-El fin de la transición  y la necesidad de una nueva constitución-Sat, 02 Nov 2019 04:16:32 +0000"
535,"EL MOSTRADOR-general-Tres relatos para una crisis: Partidos del Orden, Peña y Movimiento Social-Sat, 02 Nov 2019 04:16:02 +0000"
536,"EL MOSTRADOR-general-Lugares espléndidamente espeluznantes-Sat, 02 Nov 2019 13:57:50 +0000"
537,"EL MOSTRADOR-general-Luksic no cree que una nueva Constitución “hoy resuelva los problemas reales de las personas”-Sat, 02 Nov 2019 13:57:06 +0000"
538,"EL MOSTRADOR-general-Van 179 acciones judiciales presentadas por torturas, tratos inhumanos, degradantes y violencia sexual-Sat, 02 Nov 2019 23:27:23 +0000"
539,"EL MOSTRADOR-general-Tres partidos de oposición presentan siete propuestas al gobierno para abordar la crisis social-Sat, 02 Nov 2019 23:20:17 +0000"
540,"EL MOSTRADOR-general-Joven de 17 años muerto en incendio de la fábrica Kayser tenía tres orificios en el tórax que no fueron medidos por el SML-Sat, 02 Nov 2019 19:58:03 +0000"
541,"EL MOSTRADOR-general-“Estos jóvenes vándalos son nuestros hijos”: el origen de la violencia subterránea que emergió en las protestas en Chile-Sat, 02 Nov 2019 19:00:37 +0000"
542,"EL MOSTRADOR-general-RN busca piso político para realizar un “perdonazo” al CAE-Sat, 02 Nov 2019 17:27:15 +0000"
543,"EL MOSTRADOR-general-#FueraSharp: la “operación de la derecha” que denunció Jorge Sharp en Twitter-Sat, 02 Nov 2019 16:46:08 +0000"
544,"EL MOSTRADOR-general-Con altar del Día de los Muertos Museo Violeta Parra recuerda a las personas fallecidas en las manifestaciones sociales-Sat, 02 Nov 2019 16:00:51 +0000"
545,"EL MOSTRADOR-general-Blumel llama al diálogo y dice que el Gobierno no tiene todas las respuestas: “Tenemos que construirlas en conjunto”-Sat, 02 Nov 2019 15:26:47 +0000"
546,"EL MOSTRADOR-general-Jóvenes saltan torniquetes del metro de Nueva York en protesta contra la violencia policial-Sat, 02 Nov 2019 14:19:52 +0000"
547,"EL MOSTRADOR-general-Vía pacífica al desarrollo: la inevitabilidad política de la socialdemocracia en Chile-Sun, 03 Nov 2019 22:51:14 +0000"
548,"EL MOSTRADOR-general-José Piñera pide reformar la Constitución con un proyecto propio-Sun, 03 Nov 2019 22:42:17 +0000"
549,"EL MOSTRADOR-general-Ciclistas en la casa de Piñera, malls cerrados en Viña y un acto cultural en Quilicura marcan jornada dominical de protestas en Chile-Sun, 03 Nov 2019 20:17:36 +0000"
550,"EL MOSTRADOR-general-Rigoberta Menchú por violaciones a DD.HH. en Chile: “Carabineros no puede actuar como niños jugando con pistolas de agua”-Sun, 03 Nov 2019 18:45:44 +0000"
551,"EL MOSTRADOR-general-Masiva marcha de ciclistas llega a la casa de Sebastián Piñera en Las Condes para manifestarse-Sun, 03 Nov 2019 18:10:53 +0000"
552,"EL MOSTRADOR-general-INDH se quedó corto: Cruz Roja cifra en 2.500 los heridos durante las protestas en Chile-Sun, 03 Nov 2019 18:07:25 +0000"
553,"EL MOSTRADOR-general-Es hora que Chile cuente con un nuevo  sistema nacional de inteligencia-Sun, 03 Nov 2019 17:30:28 +0000"
554,"EL MOSTRADOR-general-Cuando la mentira es descarada-Sun, 03 Nov 2019 17:00:41 +0000"
555,"EL MOSTRADOR-general-José Piñera, inmune al descontento general: “Llegó el momento de defender con ardiente entusiasmo el modelo económico de prosperidad”-Sun, 03 Nov 2019 16:31:51 +0000"
556,"EL MOSTRADOR-general-Alzamiento popular en Chile-Sun, 03 Nov 2019 16:30:08 +0000"
557,"EL MOSTRADOR-general-Pareja de profesor imputado por daños en el Metro pide un proceso justo: No representa peligro para la sociedad-Mon, 04 Nov 2019 13:08:57 +0000"
558,"EL MOSTRADOR-general-Actividad económica: Imacec de septiembre, previo al estallido social, creció solo 3%-Mon, 04 Nov 2019 12:49:31 +0000"
559,"EL MOSTRADOR-general-Sin Maduro: Argentina busca apoyo en México para impulsar eje progresista en América Latina-Mon, 04 Nov 2019 12:44:50 +0000"
560,"EL MOSTRADOR-general-Confirmación realización festival de documentales FEDOCH-Mon, 04 Nov 2019 11:20:14 +0000"
561,"EL MOSTRADOR-general-“Piñera” escuchó la demanda de la ciudadanía: la genial imitación de Stefan Kramer en Recoleta-Mon, 04 Nov 2019 11:08:43 +0000"
562,"EL MOSTRADOR-general-Metro regresa lentamente: adelanta inicio de funcionamiento y suma cuatro nuevas estaciones-Mon, 04 Nov 2019 10:54:32 +0000"
563,"EL MOSTRADOR-general-Nutricionista aclara los mitos y verdades sobre las alergias alimentarias-Mon, 04 Nov 2019 10:07:59 +0000"
564,"EL MOSTRADOR-general-Café Femenino, café que empodera: una experiencia de inclusión social-Mon, 04 Nov 2019 09:25:01 +0000"
565,"EL MOSTRADOR-general-Manifestantes cortan el tránsito con barricadas en la Ruta 5 Sur-Mon, 04 Nov 2019 09:00:08 +0000"
566,"EL MOSTRADOR-general-Cómo evitar las complicaciones al comprar una propiedad usada-Mon, 04 Nov 2019 08:34:27 +0000"
567,"EL MOSTRADOR-general-Presidente del CPLT y estallido social en Chile: la corrupción “es parte del problema”-Mon, 04 Nov 2019 14:32:44 +0000"
568,"EL MOSTRADOR-general-Codelco adjudica proyecto de desalinización para usar agua de mar en sus operaciones en Calama-Mon, 04 Nov 2019 14:16:08 +0000"
569,"EL MOSTRADOR-general-Festival Internacional de Teatro del Biobío cumple 10 años y confirma realización-Mon, 04 Nov 2019 14:00:41 +0000"
570,"EL MOSTRADOR-general-Modatima interpone recurso de amparo contra general director de Carabineros por colocar a Rodrigo Mundaca como “blanco de interés”-Mon, 04 Nov 2019 13:52:26 +0000"
571,"EL MOSTRADOR-general-Nueva Constitución: Encuestas coinciden en que más de 85% de la población confía en un nuevo pacto social como solución a la crisis-Mon, 04 Nov 2019 13:30:17 +0000"
572,"EL MOSTRADOR-general-Municipalidad de Santiago adelanta cierre escolar del Instituto Nacional y del INBA-Mon, 04 Nov 2019 13:28:51 +0000"
573,"EL MOSTRADOR-general-Fuera por denuncia de cohecho: Piñera pide renuncia inmediata a la subsecretaria de Bienes Nacionales, Alejandra Bravo-Mon, 04 Nov 2019 13:22:45 +0000"
574,"EL MOSTRADOR-general-Presidente del PPD asegura que el Gobierno estaría dispuesto a un plebiscito para una nueva Constitución-Mon, 04 Nov 2019 17:19:23 +0000"
575,"EL MOSTRADOR-general-Pequeño país de América del Sur prevé crecer un 86% en 2020-Mon, 04 Nov 2019 16:52:51 +0000"
576,"EL MOSTRADOR-general-Soldado turco regala chocolate a niño sirio en plena intervención bélica en el país del medio oriente-Mon, 04 Nov 2019 16:50:47 +0000"
577,"EL MOSTRADOR-general-Onemi decreta Alerta Amarilla en Valparaíso por incendio forestal-Mon, 04 Nov 2019 16:47:47 +0000"
578,"EL MOSTRADOR-general-Tras destrozos, Museo Violeta Parra alerta sobre el resguardo de espacios patrimoniales-Mon, 04 Nov 2019 16:33:31 +0000"
579,"EL MOSTRADOR-general-Reconstrucción del Metro de Santiago obligará a “planificar de nuevo” las líneas 7, 8 y 9-Mon, 04 Nov 2019 16:26:03 +0000"
580,"EL MOSTRADOR-general-Nueva Delhi bajo “una emergencia de salud pública” por nube tóxica-Mon, 04 Nov 2019 16:22:32 +0000"
581,"EL MOSTRADOR-general-Tiro de esquina: la urgencia de medidas concretas para enfrentar la crisis social como la condonación del CAE y la rápida eliminación del Tribunal Constitucional-Mon, 04 Nov 2019 16:16:54 +0000"
582,"EL MOSTRADOR-general-Taxistas se manifiestan en las calles del centro de Santiago para pedir la renuncia de la ministra Hutt-Mon, 04 Nov 2019 16:07:39 +0000"
583,"EL MOSTRADOR-general-Neurosexismo: cómo la neurociencia destruyó el mito de que los hombres y las mujeres tienen cerebros distintos-Mon, 04 Nov 2019 15:56:22 +0000"
584,"EL MOSTRADOR-general-Comisión de Trabajo envía las “40 horas” a la Sala con gradualidad para las pymes y sin flexibilidad laboral-Tue, 05 Nov 2019 13:35:16 +0000"
585,"EL MOSTRADOR-general-Crisis social pasa la cuenta a Piñera y presidenciables en la encuesta Criteria-Tue, 05 Nov 2019 13:34:40 +0000"
586,"EL MOSTRADOR-general-Las protestas mundiales quieren “empapar” a los ricos, pero eso no es todo-Tue, 05 Nov 2019 13:25:43 +0000"
587,"EL MOSTRADOR-general-Actor Alejandro Goic acusó golpes de carabineros luego de defender a uniformada en medio de las manifestaciones-Tue, 05 Nov 2019 13:18:59 +0000"
588,"EL MOSTRADOR-general-“Cobarde ataque”: Gobierno condena violencia sufrida por dos carabineras que fueron alcanzadas con bombas molotov-Tue, 05 Nov 2019 13:02:29 +0000"
589,"EL MOSTRADOR-general-La Roja se queda sin rival: Bolivia cancela viaje a Chile debido a la crisis social-Tue, 05 Nov 2019 12:45:13 +0000"
590,"EL MOSTRADOR-general-Piñera en entrevista con la BBC: “Soy parte (del problema), asumo mi responsabilidad, pero no soy el único”-Tue, 05 Nov 2019 11:32:34 +0000"
591,"EL MOSTRADOR-general-Educación matemática y crisis social en Chile-Tue, 05 Nov 2019 11:26:30 +0000"
592,"EL MOSTRADOR-general-30 años de la caída del Muro de Berlín: Mijaíl Gorbachov advierte que el mundo está “ante un peligro colosal”-Tue, 05 Nov 2019 10:56:32 +0000"
593,"EL MOSTRADOR-general-Comisión de Constitución de la Cámara aprueba en general proyectos para iniciar proceso constituyente-Tue, 05 Nov 2019 10:52:32 +0000"
594,"EL MOSTRADOR-general-Oposición reacciona a la entrevista de Piñera a la BBC y asegura que el Presidente no dimensiona la profundidad de la crisis-Tue, 05 Nov 2019 20:54:38 +0000"
595,"EL MOSTRADOR-general-Alcaldesa Reginato ofició al Ministerio del Interior y autoridades regionales para resguardar el orden público-Tue, 05 Nov 2019 20:25:04 +0000"
596,"EL MOSTRADOR-general-“Basta ya, pacos y milicos a las AFP”: el particular caceroleo de una mujer de la tercera edad durante las manifestaciones-Tue, 05 Nov 2019 20:09:27 +0000"
597,"EL MOSTRADOR-general-Cencosud pidió rebaja en la multa por el caso de “colusión de los pollos”-Tue, 05 Nov 2019 19:45:45 +0000"
598,"EL MOSTRADOR-general-Comienza festival de cine Arica Nativa 2019-Tue, 05 Nov 2019 19:30:27 +0000"
599,"EL MOSTRADOR-general-Estados Unidos sanciona a otros cinco funcionarios venezolanos-Tue, 05 Nov 2019 19:17:28 +0000"
600,"EL MOSTRADOR-general-Ward cambia el tono tras molestia del Senado y se muestra dispuesto a un diálogo-Tue, 05 Nov 2019 19:00:31 +0000"
601,"EL MOSTRADOR-general-Senador Alejandro Guillier: Sin cambio de Constitución, no pueden haber reformas estructurales-Tue, 05 Nov 2019 18:50:30 +0000"
602,"EL MOSTRADOR-general-A todo ritmo: inusual baile masivo de estudiantes de Tarapacá en favor de las demandas sociales-Tue, 05 Nov 2019 18:39:34 +0000"
603,"EL MOSTRADOR-general-Efecto estallido: Manifestaciones impactan industria del salmón-Tue, 05 Nov 2019 18:32:20 +0000"
604,"EL MOSTRADOR-general-Avanzamos en libertades y en respeto: Comisión de Constitución del Senado aprueba la idea de legislar sobre matrimonio igualitario-Tue, 05 Nov 2019 21:37:42 +0000"
605,"EL MOSTRADOR-general-En estos instantes: incendio azota ladera del Cerro San Cristóbal-Tue, 05 Nov 2019 21:31:53 +0000"
606,"EL MOSTRADOR-general-Proyecto de las 40 horas sigue avanzando y se vota este jueves en la Cámara-Tue, 05 Nov 2019 22:22:19 +0000"
607,"EL MOSTRADOR-general-Cristián Valdivieso, director de Criteria: con el estallido social “Chile se repolitizó, pero no en la lógica de la política tradicional”-Tue, 05 Nov 2019 22:19:14 +0000"
608,"EL MOSTRADOR-general-Asociación de Familiares de Detenidos Desaparecidos exige la renuncia de Sergio Micco al INDH-Tue, 05 Nov 2019 22:16:35 +0000"
609,"EL MOSTRADOR-general-Manifestantes atacan sede de la UDI y el memorial de Jaime Guzmán: Van Rysselberghe lo califica como “vandalismo puro”-Wed, 06 Nov 2019 21:20:24 +0000"
610,"EL MOSTRADOR-general-A fin de mes dejará de emitir la radio Beethoven-Wed, 06 Nov 2019 21:00:48 +0000"
611,"EL MOSTRADOR-general-Cómo es posible que Uber sobreviva con pérdidas de US$1.200 millones y sin nunca haber obtenido beneficios-Wed, 06 Nov 2019 20:52:30 +0000"
612,"EL MOSTRADOR-general-Campeones: Chile supera ampliamente a las peores zonas del Medio Oriente en cantidad de lesionados en los ojos por balines antidisturbios-Wed, 06 Nov 2019 20:15:31 +0000"
613,"EL MOSTRADOR-general-Piñera visitó a joven con lesión ocular tras ser golpeado por un perdigón de goma-Wed, 06 Nov 2019 20:13:19 +0000"
614,"EL MOSTRADOR-general-Diputados forman comisión investigadora por megasequías y cambio climático: fiscalizarán a órganos gubernamentales-Wed, 06 Nov 2019 20:02:45 +0000"
615,"EL MOSTRADOR-general-INDH presentó una querella contra Carabineros por violencia sexual y desnudamiento-Wed, 06 Nov 2019 19:39:53 +0000"
616,"EL MOSTRADOR-general-Francia endurece política migratoria con polémicas medidas-Wed, 06 Nov 2019 19:39:10 +0000"
617,"EL MOSTRADOR-general-Ministerio de las Culturas anuncia ganadores de los Premios Literarios 2019-Wed, 06 Nov 2019 19:30:03 +0000"
618,"EL MOSTRADOR-general-Violenta detención de estudiante por parte de Carabineros en el campus Los Leones de la Universidad San Sebastián-Wed, 06 Nov 2019 19:16:24 +0000"
619,"EL MOSTRADOR-general-Bomberos de Talca denuncia que Carabineros detuvo sin razón a vicesuperintendente de la compañía-Thu, 07 Nov 2019 12:28:31 +0000"
620,"EL MOSTRADOR-general-Solo la salud detiene a Catherine Deneuve-Thu, 07 Nov 2019 11:30:28 +0000"
621,"EL MOSTRADOR-general-Guerra comercial: China anuncia acuerdo con EE.UU. para cancelar aranceles-Thu, 07 Nov 2019 11:07:16 +0000"
622,"EL MOSTRADOR-general-Rafael Correa: “Tengo más juicios penales que Al Capone, Pinochet y el Chapo Guzmán juntos”-Thu, 07 Nov 2019 11:04:38 +0000"
623,"EL MOSTRADOR-general-Nueva jornada de protestas: Ruta 68 dirección Santiago amanece bloqueada por camioneros-Thu, 07 Nov 2019 10:49:43 +0000"
624,"EL MOSTRADOR-general-Regeneración naturalmente guiada, la nueva alternativa de tratamiento para lesiones y heridas complejas-Thu, 07 Nov 2019 09:36:34 +0000"
625,"EL MOSTRADOR-general-La debilitación del tejido social y la urgencia de volver a reencontrarnos-Thu, 07 Nov 2019 09:00:22 +0000"
626,"EL MOSTRADOR-general-Acciones chilenas en mínimo de 2 años, conflicto amenaza avances-Thu, 07 Nov 2019 07:59:59 +0000"
627,"EL MOSTRADOR-general-Trascender y dejar huella-Thu, 07 Nov 2019 04:20:21 +0000"
628,"EL MOSTRADOR-general-Propuesta de administración 2.0 de las FF.AA. de Chile-Thu, 07 Nov 2019 04:18:52 +0000"
629,"EL MOSTRADOR-sin editar-Economistas de la FEN apoyan aporte académico en nuevo pacto social-Tue, 29 Oct 2019 04:30:56 +0000"
630,"EL MOSTRADOR-sin editar-INDH presenta querellas por torturas sexuales de parte de carabineros-Mon, 28 Oct 2019 04:00:05 +0000"
631,"EL MOSTRADOR-sin editar-Enade alista cambio de foco con reunión empresarial-Sat, 26 Oct 2019 04:30:29 +0000"
632,"EL MOSTRADOR-sin editar-Dos días antes que reventara la crisis ministra Schmidt compra pasaje en avión por casi US$11 mil-Fri, 25 Oct 2019 12:04:29 +0000"
633,"EL MOSTRADOR-sin editar-Enade cambia de foco y se mueve a analizar divergencias sociales-Wed, 23 Oct 2019 18:40:39 +0000"
634,"EL MOSTRADOR-sin editar-Aparece la opción de cambio de gabinete-Mon, 21 Oct 2019 19:56:54 +0000"
635,"EL MOSTRADOR-sin editar-Lagos Weber: es una historia de abusos, injusticias y desprotección-Mon, 21 Oct 2019 04:30:25 +0000"
636,"EL MOSTRADOR-sin editar-WhatsApp desata protestas en el Líbano-Sat, 19 Oct 2019 04:30:11 +0000"
637,"EL MOSTRADOR-sin editar-El futuro de la planta de Iansa en Linares: a remate al mejor postor-Fri, 18 Oct 2019 04:30:57 +0000"
638,"EL MOSTRADOR-sin editar-Los problemas de Essbio en la Sexta Región llegan a la publicidad radial-Thu, 17 Oct 2019 04:30:16 +0000"
639,"EL MOSTRADOR-sin editar-El subsecretario Rodrigo Yañez será quien tendrá que poner la cara para explicar a Washington y Beijing la determinación de suspender la cumbre Apec en el país-Fri, 01 Nov 2019 19:35:36 +0000"
640,"EL MOSTRADOR-sin editar-El subsecretario Rodrigo Yáñez será quien tendrá que poner la cara para explicar a Washington y Beijing la determinación de suspender la cumbre Apec en el país-Fri, 01 Nov 2019 19:35:36 +0000"
641,"EL MOSTRADOR-sin editar-Tras destrozos, Museo Violeta Parra alerta sobre el resguardo de espacios patrimoniales-Mon, 04 Nov 2019 16:33:31 +0000"
642,"EL MOSTRADOR-sin editar-Prensa de Canal 13 golpeada por la crisis social: renuncian más periodistas y el editor general del noticiario-Tue, 05 Nov 2019 04:00:15 +0000"
643,"EL MOSTRADOR-sin editar-Bienvenidos a la COP y APEC: los mensajes que aún adornan SCL-Wed, 06 Nov 2019 04:30:39 +0000"
