0,debat
1,forestal
2,madereros
3,realiz
4,maderer
5,local
6,talc
7,anfitrion
8,gran
9,event
10,univers
11,catol
12,maul
13,cost
14,inscripcion
15,caminat
16,quebr
17,macul
18,seminari
19,altern
20,compensacion
21,ambiental
22,bosqu
23,mitigacion
24,efect
25,cambi
26,climat
27,nbsp
28,curs
29,avanz
30,cultiv
31,aplic
32,energet
33,nbsp;curs
34,fech
35,objet
36,suministr
37,conoc
38,cientif
39,tecnic
40,establec
41,manej
42,explotacion
43,orient
44,produccion
45,energi
46,particip
47,podr
48,adquir
49,habil
50,plantacion
51,silvicultur
52,superintens
53,especi
54,herramient
55,apoy
56,desarroll
57,sector
58,institucional
59,consign
60,potenci
61,sustent
62,pais
63,primer
64,seman
65,hotel
66,sheraton
67,santiag
68,profund
69,analisis
70,impact
71,tendr
72,nuev
73,normat
74,miner
75,tiemp
76,tambi
77,dilucid
78,lanzamient
79,catalog
80,digital
81,semill
82,tradicional
83,chil
84,fundacion
85,sociedad
86,agrad
87,invit
88,juev
89,abril
90,heinrich
91,boll
92,avda
93,francisc
94,bilba
95,provident
96,present
97,mari
98,isabel
99,manzur
100,comentari
101,juli
102,franc
103,ufro
104,conferent
105,ecologi
106,paisaj
107,este
108,noviembr
109,ciud
110,concepcion
111,informacion
112,visit
113,adem
114,"los&nbsp;""sustaining"
115,humans
116,forests
117,changing
118,"landscapes""&nbsp;d"
119,ampli
120,relacion
121,propon
122,funcion
123,ecosistem
124,servici
125,restauracion
126,trawu
127,proteg
128,chilen
129,hora:&nbsp;juev
130,lugar:&nbsp;viver
131,confluenci
132,fund
133,vall
134,itat
135,region
136,consult
137,inscripciones:&nbsp;http://www.agromen.cl/index.php?id=inscripcion&nbsp
138,siti
139,web:&nbsp;http://www.agromen.cl
140,aniversari
141,anos
142,agrom
143,estren
144,documental
145,sobr
146,panul
147,nativ
148,respir
149,retrat
150,empoder
151,organizacion
152,social
153,agrup
154,defens
155,precordiller
156,vecin
157,flor
158,sostien
159,luch
160,trascend
161,gobi
162,alcald
163,imped
164,realizacion
165,millonari
166,proyect
167,inmobiliari
168,arrasari
169,"panul,&nbsp"
170,ultim
171,embarg
172,agrav
173,tras
174,aprobacion
175,anteproyect
176,juni
177,moment
178,invitacion
179,manual
180,arid
181,manuel
182,mundial
183,nbsp;di
184,marz
185,prim
186,oton
187,hemisferi
188,primaver
189,nort
190,marc
191,caract
192,simultane
193,mund
194,miembr
195,nacion
196,unid
197,agricultur
198,alimentacion
199,elig
200,celebr
201,prov
202,declaracion
203,estudi
204,cierr
205,ingenieri
206,uach
207,postur
208,situacion
209,carrer
210,austral
211,durant
212,demand
213,exist
214,polit
215,educacional
216,plan
217,permit
218,generacion
219,investigacion
220,innovacion
221,enmarqu
222,dentr
223,contraposicion
224,comunic
225,corporacion
226,nacional
227,cienci
228,incendi
229,torr
230,pain
231,nuestr
232,pose
233,riquez
234,import
235,invalu
236,puebl
237,patrimoni
238,natural
239,guard
240,vien
241,victim
242,exces
243,inmers
244,hombr
245,ineficient
246,gestion
247,administr
248,organ
249,estatal
250,acontec
251,parqu
252,asist
253,haci
254,matriz
255,electr
256,escenari
257,asisti
258,ener
259,auditori
260,television
261,preced
262,ministr
263,rodrig
264,alvarez
265,discut
266,analiz
267,propuest
268,materi
269,comision
270,asesor
271,ciudadan
272,tecnico-parlamentari
273,cctp
274,multitudinari
275,sesion
276,lonquimay
277,cort
278,suprem
279,orden
280,repar
281,destruccion
282,nativoel
283,empresari
284,garci
285,brocal
286,socied
287,j.g.b
288,autorizacion
289,araucari
290,leng
291,ubic
292,icalm
293,constru
294,camin
295,trasport
296,acogi
297,contrat
298,un&nbsp;bosqu
299,comun
300,conaf
301,promuev
302,manihuales&nbsp
303,encuentr
304,predi
305,javi
306,isidr
307,bast
308,cont
309,participacion
310,cerc
311,propietari
312,terren
313,pequen
314,campesin
315,jorn
316,trabaj
317,manihual
318,organiz
319,ministeri
320,activ
321,form
322,part
323,program
324,calid
325,beneficiari
326,profocap
327,reng
328,inici
329,pasanti
330,laboral&nbsp
331,recib
332,sueld
333,medi
334,laboral
335,dias
336,practic
337,empujon
338,anim
339,formacion
340,capacitacion
341,emple
342,director
343,o'higgins
344,jaim
345,buron
346,mirand
347,comenz
348,octubr
349,empres
350,agrocomercial
351,agropet
352,ltda
353,torn
354,recurs
355,hidric
356,conaphi
357,academ
358,entidad
359,public
360,priv
361,reun
362,compact
363,futur
364,crisis
365,xvii
366,comit
367,hidrolog
368,internacional
369,unesc
370,salon
371,diput
372,congres
373,trat
374,desafi
375,llev
376,arborizacion
377,pobl
378,mundo&nbsp
379,inclu
380,diez
381,notr
382,frontis
383,faen
384,autor
385,alumn
386,tercer
387,basic
388,grup
389,forjador
390,lice
391,donald
392,intyre
393,griffiths
394,puert
395,williams
396,secretari
397,regional
398,ministerial
399,gabinet
400,agro
401,magallan
402,oficial
403,tempor
404,infor
405,favorec
406,industrial
407,ponder
408,ayseneminari
409,convoc
410,expert
411,represent
412,ventaj
413,estad
414,argentin
415,dieron
416,institut
417,posibil
418,aysen
419,encabez
420,animacion
421,biciclet
422,millon
423,person
424,rededor
425,esten
426,transport
427,ciudad
428,automovil
429,increment
430,caos
431,trafic
432,productor
433,escuel
434,paul
435,decidi
436,incentiv
437,bici
438,sosten
439,fern
440,leniz
441,qepd
442,decret
443,reconoc
444,ingenier
445,econom
446,dirigent
447,gremial
448,falleci
449,septiembr
450,histori
451,nombr
452,cerd
453,ocup
454,sitial
455,relev
456,fallec
457,mayor
458,profesional
459,gestacion
460,foment
461,ende
462,crecimient
463,industri
464,forestal&nbsp
465,estabil
466,acert
467,sectorial
468,casi
469,junt
470,dinam
471,competit
472,posicion
473,fundamental
474,economi
475,nacional.&nbsp
476,esta
477,aport
478,direct
479,alto
480,porqu
481,necesit
482,reduc
483,urgent
484,emision
485,invernader
486,human
487,respons
488,acerc
489,punt
490,retorn
491,evit
492,segu
493,disminu
494,proporcional
495,corresponderi
496,actual
497,tres
498,frent
499,cual
500,pued
501,empez
502,actu
503,rest
504,deberi
505,estar
506,afect
507,lader
508,cerr
509,sant
510,luci
511,protestas<img
512,wp-post-imag
513,block
514,margin-bottom
515,clear:both;max-width
516,convocatori
517,march
518,grand
519,bomber
520,trasl
521,control
522,altur
523,call
524,agustin
525,traser
526,intendent
527,metropolitan
528,inform
529,trav
530,twitt
531,equip
532,emergent
533,combat
534,fueg
535,llam
536,facilit
537,acces
538,labor
539,resguard
540,propi
541,segur
542,segun
543,testig
544,siniestr
545,bomb
546,lacrimogen
547,bachelet
548,envi
549,recorrer
550,reunir
551,denunci
552,violacion
553,dd.hh.<img
554,itinerari
555,agend
556,quer
557,capaz
558,maner
559,independient
560,portavoz
561,oficin
562,derech
563,mart
564,hurt
565,priorid
566,blumel
567,cabez
568,gabinete<img
569,libret
570,utiliz
571,sent
572,sillon
573,exministr
574,andres
575,chadwick
576,focaliz
577,prioridad
578,impuest
579,moned
580,logr
581,transversal
582,conden
583,violenci
584,concret
585,anunci
586,president
587,sebasti
588,piner
589,context
590,comprend
591,rechaz
592,tajant
593,plebiscit
594,impuls
595,oposicion
596,revuelt
597,hern
598,river
599,leteli
600,resurreccion
601,acab
602,"todo""<img"
603,escritor
604,curic
605,feri
606,libr
607,charl
608,destin
609,principal
610,profesor
611,municipal
612,manifest
613,congreg
614,plaz
615,itali
616,esto
617,termin
618,cient
619,comienz
620,baquedan
621,masiv
622,autoriz
623,ward
624,arrepient
625,antigu
626,declar
627,dd.hh
628,descuid
629,"pasado""<img"
630,oportun
631,afortun
632,palabr
633,correct
634,adecu
635,segpr
636,aprueb
637,general
638,catastrof
639,salud<img
640,ahor
641,tramitacion
642,editor
643,furi
644,delegacion
645,guadalaj
646,protest
647,social<img
648,cultural
649,garantiz
650,libertad
651,constitucional
652,levant
653,exig
654,dignid
655,reprim
656,cobard
657,razon
658,decid
659,stand
660,mediant
661,cultur
662,artes
663,prochil
664,nosotr
665,senal
666,entid
667,griet
668,model
669,descubierto<img
670,much
671,continu
672,gent
673,clas
674,ellas
675,asim
676,qued
677,critic
678,acus
679,lider
680,izquierd
681,centr
682,justici
683,puest
684,pues
685,aranguiz
686,carabiner
687,escap
688,"tema""<img"
689,volant
690,leverkus
691,coment
692,mensaj
693,gobiern
694,problem
695,polici
696,uniform
697,hech
698,super
699,estall
700,miercol
701,acusacion
702,contra<img
703,gabriel
704,boric
705,ratif
706,grav
707,elud
708,acuerd
709,banc
710,raul
711,numer
712,muer
713,dispar
714,plen
715,concepcion<img
716,teori
717,tratari
718,ajust
719,cuent
720,detien
721,involucr
722,destroz
723,estacion
724,metr
725,santiago<img
726,sujet
727,joaquin
728,vladim
729,putin
730,viaj
731,apec<img
732,rusi
733,mandatari
734,felip
735,guev
736,barneche
737,cart
738,metropolitana<img
739,tard
740,concej
741,extraordinari
742,edilici
743,dimision
744,pronunci
745,reemplaz
746,salient
747,posibl
748,concejal
749,cristobal
750,consej
751,rector
752,aplaz
753,tranquil
754,estudiantes<img
755,contralori
756,aclar
757,desvinculacion
758,departament
759,laboratori
760,sml<img
761,ente
762,regul
763,detall
764,decision
765,fiscaliz
766,produc
767,reserv
768,ident
769,viern
770,evolucion
771,probabl
772,unic
773,inteligent
774,universo<img
775,repit
776,observ
777,diferent
778,convergent
779,result
780,similar
781,frecuenci
782,podri
783,inclus
784,inevit
785,liban
786,renunci
787,beirut
788,obstacul
789,bloqu
790,fiest
791,despu
792,ejecut
793,sumari
794,funcionari
795,indh
796,herido<img
797,interior
798,gonzal
799,habi
800,contact
801,investig
802,correspondient
803,movilizacion
804,fuert
805,respuest
806,insatisfactori
807,mop<img
808,gremi
809,solicit
810,rebaj
811,permis
812,circulacion
813,vincul
814,perdonaz
815,pymes
816,adviert
817,riesg
818,rein
819,australi
820,suiz
821,alemani
822,alert
823,solucion?<img
824,mientr
825,desigualdad
826,injustici
827,incub
828,convert
829,reyezuel
830,taller
831,sistem
832,implement
833,dictadur
834,civico-milit
835,permiti
836,espaci
837,discrecion
838,marg
839,institu
840,glorific
841,pregunt
842,curi
843,individual
844,supuest
845,imperm
846,cualqui
847,factor
848,ajen
849,agresion
850,sergi
851,micc
852,querell
853,desmient
854,nunez
855,calif
856,"montaje""<img"
857,habl
858,mism
859,respet
860,diri
861,tribunal
862,juzg
863,dediqu
864,espant
865,contingent
866,cancel
867,valparais
868,divulgacion
869,dedic
870,arte
871,realizari
872,algun
873,accion
874,agent
875,fiscali
876,muert
877,ocurr
878,emergencia<img
879,falt
880,identific
881,fatal
882,encontr
883,supermerc
884,alvi
885,maipu
886,espaldaraz
887,destac
888,inmens
889,mayori
890,detencion
891,legal
892,institucion
893,policial
894,doming
895,abrieron
896,penal
897,difund
898,disip
899,estan
900,dispers
901,fuerz
902,especial
903,lanz
904,pacif
905,hashtag
906,divers
907,vide
908,evidenci
909,permanent
910,exterior
911,asegur
912,suspension
913,apec
914,product
915,incapac
916,"gobierno""<img"
917,integr
918,caus
919,perjuici
920,imag
921,defensori
922,jurid
923,uchil
924,apeg
925,cumplimient
926,protocol
927,"institucionales""<img"
928,actuacion
929,conflict
930,estandar
931,municipi
932,recolet
933,criminal
934,comuna<img
935,hast
936,asesori
937,dispuest
938,direccion
939,movilizaciones<img
940,cumpl
941,igual
942,intens
943,neuralg
944,capital
945,congregacion
946,lienz
947,clasic
948,fras
949,despert
950,vuelv
951,decor
952,manan
953,sindical
954,alamed
955,libert
956,conductor
957,camion
958,antofagast
959,"amenazado""<img"
960,camioner
961,armo
962,barric
963,carg
964,coloqui
965,perr
966,segund
967,actor
968,movimient
969,publico<img
970,olivi
971,monckeberg
972,premi
973,period
974,centenar
975,australia<img
976,colect
977,sidney
978,recorr
979,georg
980,street
981,ayunt
982,central
983,pancart
984,constitucion
985,guerr
986,otros
987,resurg
988,glori
989,majest
990,"prisioneros""<img"
991,bail
992,vuelt
993,desat
994,catarsis
995,insospech
996,explic
997,fenomen
998,aqui
999,desliz
1000,ciert
1001,hipotesis
1002,respect
1003,denomin
1004,"todas""<img"
1005,lueg
1006,reuni
1007,epicentr
1008,sindicat
1009,formal
1010,beatificacion
1011,peron<img
1012,confirm
1013,fuent
1014,solicitud
1015,arzobisp
1016,arquidiocesis
1017,buen
1018,poli
1019,ostent
1020,jorg
1021,bergogli
1022,mundac
1023,anef
1024,vigil
1025,meses<img
1026,titul
1027,boletin
1028,lleg
1029,medioambiental
1030,aeropuert
1031,artur
1032,merin
1033,benitez
1034,nuremberg
1035,potabl
1036,mencion
1037,asociacion
1038,nivel
1039,text
1040,parraf
1041,haciend
1042,motiv
1043,negociacion
1044,reajust
1045,salarial
1046,carabineros<img
1047,total
1048,correspond
1049,mujer
1050,promedi
1051,edad
1052,menor
1053,cuant
1054,document
1055,revel
1056,cuid
1057,dias<img
1058,propied
1059,avalu
1060,seis
1061,agost
1062,dictamin
1063,turn
1064,ocho
1065,violent
1066,pais<img
1067,antecedent
1068,entreg
1069,registr
1070,siet
1071,pertenecient
1072,personal
1073,armad
1074,civil
1075,noch
1076,anterior
1077,deten
1078,reduccion
1079,consider
1080,comparacion
1081,mural
1082,inti
1083,obra
1084,insurrect
1085,pint
1086,fach
1087,usach
1088,galeri
1089,extension
1090,celebracion
1091,luksic
1092,resuelv
1093,real
1094,"personas""<img"
1095,entro
1096,llen
1097,vari
1098,cabild
1099,enfrent
1100,quinenc
1101,magn
1102,solucionari
1103,ciudadani
1104,judicial
1105,tortur
1106,inhuman
1107,degrad
1108,sexual<img
1109,ejercit
1110,pidi
1111,peritaj
1112,estructur
1113,perdigon
1114,lesion
1115,ocular
1116,usad
1117,metal
1118,suplant
1119,habitual
1120,fabric
1121,kays
1122,teni
1123,orifici
1124,torax
1125,joshu
1126,osori
1127,autopsi
1128,arroj
1129,cuerp
1130,medic
1131,fuerasharp
1132,operacion
1133,sharp
1134,twitter<img
1135,recl
1136,comunal
1137,sacud
1138,news
1139,tuit
1140,sabi
1141,algui
1142,detr
1143,apell
1144,empiez
1145,sostuv
1146,edil
1147,altar
1148,muse
1149,violet
1150,parr
1151,recuerd
1152,sociales<img
1153,pizarr
1154,blanc
1155,joven
1156,senam
1157,instal
1158,esper
1159,alzad
1160,salt
1161,torniquet
1162,york
1163,policial<img
1164,evad
1165,pasaj
1166,tren
1167,subterrane
1168,manzan
1169,asemej
1170,unas
1171,adolescent
1172,habri
1173,ferrocarril
1174,reform
1175,propio<img
1176,padr
1177,refiri
1178,discusion
1179,gener
1180,modific
1181,herenci
1182,defend
1183,bautiz
1184,posterior
1185,publicacion
1186,herman
1187,sell
1188,seri
1189,reeleccion
1190,parlamentari
1191,rigobert
1192,menchu
1193,pistol
1194,"agua""<img"
1195,guatemaltec
1196,nobel
1197,mostr
1198,solidar
1199,ejerc
1200,actitud
1201,ciclist
1202,cond
1203,manifestarse<img
1204,improvis
1205,moviliz
1206,manifestacion
1207,pedal
1208,ruid
1209,nunc
1210,caravan
1211,traslad
1212,especif
1213,inmedi
1214,alli
1215,presenci
1216,impid
1217,muchedumbr
1218,inmun
1219,descontent
1220,ardient
1221,entusiasm
1222,"prosperidad""<img"
1223,deton
1224,sali
1225,fundador
1226,pension
1227,pobrez
1228,respald
1229,netflix
1230,reproduccion
1231,indignacion
1232,cineast
1233,actores<img
1234,caracterist
1235,reproductor
1236,prueb
1237,disposit
1238,movil
1239,andro
1240,recient
1241,controversi
1242,derrib
1243,estatu
1244,monument
1245,retir
1246,acompan
1247,arranc
1248,emblemat
1249,sold
1250,milit
1251,pele
1252,confederacion
1253,peru-bolivian
1254,basament
1255,pies
1256,ello
1257,aboll
1258,escultur
1259,braz
1260,fusil
1261,parti
1262,relat
1263,mercuri
1264,barri
1265,nicol
1266,allamand
1267,reviv
1268,instaur
1269,regim
1270,semipresidencial
1271,acabari
1272,"congreso""<img"
1273,senador
1274,insisti
1275,presidencial
1276,ejempl
1277,ingobern
1278,polem
1279,subray
1280,garanti
1281,gobern
1282,hygie
1283,asteroid
1284,planet
1285,enan
1286,solar<img
1287,suficient
1288,bolivi
1289,moral
1290,renuncie<img
1291,luis
1292,camach
1293,karl
1294,rubil
1295,restablec
1296,militar
1297,"pudimos""<img"
1298,exintendent
1299,vocer
1300,necesari
1301,entend
1302,expres
1303,parej
1304,imput
1305,proces
1306,just
1307,peligr
1308,sociedad<img
1309,argument
1310,robert
1311,manipul
1312,armand
1313,arjon
1314,imacec
1315,previ
1316,creci
1317,cifr
1318,inferior
1319,anal
1320,preocup
1321,anticip
1322,negat
1323,indic
1324,ayer
1325,ignaci
1326,brion
1327,madur
1328,busc
1329,mexic
1330,progres
1331,amer
1332,latina<img
1333,confirmacion
1334,festival
1335,fedoch<img
1336,complej
1337,certam
1338,precis
1339,serv
1340,reflexion
1341,dialog
1342,realidad
1343,seleccion
1344,largometraj
1345,cortometraj
1346,guru
1347,pelicul
1348,rory
1349,barrient
1350,boxeador
1351,chilot
1352,carl
1353,ruiz
1354,horari
1355,programacion
1356,raiz
1357,breved
1358,regres
1359,lent
1360,adelant
1361,cuatr
1362,estaciones<img
1363,oper
1364,line
1365,transit
1366,sur<img
1367,resplandor
1368,ocult
1369,stanley
1370,kubrick<img
1371,prox
1372,doctor
1373,suen
1374,terror
1375,protagoniz
1376,ewan
1377,mcgregor
1378,novel
1379,estadounidens
1380,steph
1381,king
1382,cplt
1383,corrupcion
1384,"problema""<img"
1385,jaraquem
1386,eficaz
1387,inmediat
1388,codelc
1389,adjud
1390,desalinizacion
1391,usar
1392,calama<img
1393,construccion
1394,requerir
1395,aproxim
1396,peak
1397,trimestr
1398,plant
1399,teatr
1400,biobi
1401,realizacion<img
1402,chiguay
1403,modatim
1404,interpon
1405,ampar
1406,coloc
1407,"interes""<img"
1408,juici
1409,inter
1410,bastant
1411,inquiet
1412,reflej
1413,conduct
1414,socioambiental
1415,escol
1416,inba<img
1417,colegi
1418,calific
1419,tonteri
1420,fuer
1421,cohech
1422,subsecretari
1423,bien
1424,alejandr
1425,bravo<img
1426,brav
1427,radical
1428,marcel
1429,fiscal
1430,abbott
1431,ofrec
1432,poblador
1433,calam
1434,firm
1435,fich
1436,espos
1437,eduard
1438,remov
1439,endos
1440,actos
1441,contrari
1442,norm
1443,estari
1444,constitucion<img
1445,cancill
1446,herald
1447,munoz
1448,plante
1449,redact
1450,prev
1451,crec
1452,guyan
1453,habit
1454,brasil
1455,venezuel
1456,rincon
1457,norest
1458,proxim
1459,expand
1460,fond
1461,monetari
1462,onemi
1463,amarill
1464,forestal<img
1465,avanc
1466,reconstruccion
1467,oblig
1468,planific
1469,dolar
1470,estim
1471,delhi
1472,salud
1473,toxica<img
1474,sanitari
1475,fren
1476,paraliz
1477,obras
1478,taxist
1479,manifiest
1480,hutt<img
1481,taxis
1482,tech
1483,culminari
1484,intent
1485,hutt
1486,lunes<img
1487,tant
1488,cacerolaz
1489,suspend
1490,reunion
1491,coordinacion
1492,dichos<img
1493,hubier
1494,inicial
1495,afirm
1496,quintan
1497,gradual
1498,flexibil
1499,laboral<img
1500,depend
1501,ingres
1502,anual
1503,presidenci
1504,encuest
1505,criteria<img
1506,desplom
1507,sonde
1508,evaluacion
1509,traspas
1510,lavin
1511,beatriz
1512,sanchez
1513,antoni
1514,kast
1515,quier
1516,empap
1517,todo<img
1518,disturbi
1519,latin
1520,ecuador
1521,dirig
1522,favor
1523,merc
1524,aument
1525,echar
1526,impon
1527,auster
1528,popul
1529,prometi
1530,igualitari
1531,ataqu
1532,sufr
1533,alcanz
1534,molotov<img
1535,graved
1536,rival
1537,desd
1538,anfp
1539,acat
1540,bolivian
1541,educacion
1542,matemat
1543,chile<img
1544,aplicacion
1545,precari
1546,siempr
1547,sirv
1548,contextualiz
1549,neces
1550,aprend
1551,porcentaj
1552,encontrari
1553,error
1554,garrafal
1555,notici
1556,caid
1557,berlin
1558,mijail
1559,gorbachov
1560,ante
1561,"colosal""<img"
1562,expresident
1563,soviet
1564,impulsor
1565,desencaden
1566,sigl
1567,reunificacion
1568,constituyente<img
1569,contr
1570,aprob
1571,legisl
1572,capitul
1573,asamble
1574,constituyent
1575,masc
1576,preci
1577,combust
1578,billet
1579,desbord
1580,provoc
1581,repentin
1582,testimoni
1583,suced
1584,franci
1585,chalec
1586,golp
1587,pinochet
1588,sirvi
1589,ultra-neoliberal
1590,doqui
1591,molotov
1592,hernandez
1593,abigail
1594,catalin
1595,aburt
1596,carden
1597,ambas
1598,quemadur
1599,facial
1600,alcaldes
1601,reginat
1602,ofici
1603,cosoc
1604,comerci
1605,lament
1606,normal
1607,cencosud
1608,mult
1609,colusion
1610,"pollos""<img"
1611,alegat
1612,aleg
1613,inocent
1614,acog
1615,peticion
1616,iceberg
1617,sancion
1618,cinc
1619,venezolanos<img
1620,unific
1621,presion
1622,castig
1623,union
1624,europe
1625,molesti
1626,muestr
1627,dialogo<img
1628,iban
1629,correg
1630,reagend
1631,paut
1632,salmon<img
1633,carreter
1634,criader
1635,salmon
1636,salmonchil
1637,interveng
1638,intensifiqu
1639,golpe
1640,proyeccion
1641,admiti
1642,tampoc
1643,alent
1644,porcentual
1645,complet
1646,comparecent
1647,deficit
1648,estructural
1649,illimani
1650,histor
1651,quilapayun
1652,daniel
1653,alcain
1654,version
1655,"paz""<img"
1656,grab
1657,artist
1658,homenaj
1659,victor
1660,caupolic
1661,treint
1662,patrici
1663,"berlin""<img"
1664,nicanor
1665,ambient
1666,perdon
1667,"dios""<img"
1668,tregu
1669,descans
1670,silb
1671,ausenci
1672,transparent
1673,mant
1674,oscur
1675,autopistas<img
1676,obvi
1677,reclam
1678,instant
1679,azot
1680,cristobal<img
1681,aven
1682,pedr
1683,valdivi
1684,humared
1685,divis
1686,prelimin
1687,pastizal
1688,quem
1689,familiar
1690,desaparec
1691,indh<img
1692,afdd
1693,intempest
1694,incomprens
1695,viol
1696,sistemat
1697,volvi
1698,repudi
1699,obedezc
1700,estrategi
1701,blanqueamient
1702,atac
1703,memorial
1704,guzm
1705,rysselbergh
1706,vandal
1707,"puro""<img"
1708,incident
1709,agudiz
1710,costaner
1711,cent
1712,dirigi
1713,democrat
1714,sueci
1715,televisor
1716,comput
1717,artefact
1718,destru
1719,inmuebl
1720,golpist
1721,clar
1722,democraci
1723,jacquelin
1724,emol
1725,juan
1726,colom
1727,interpondr
1728,sufri
1729,embat
1730,cuadr
1731,emit
1732,radi
1733,beethoven<img
1734,beethov
1735,especializ
1736,music
1737,diari
1738,radial
1739,pertenec
1740,copes
1741,alvar
1742,saieh
1743,aunqu
1744,desconoc
1745,quien
1746,duen
1747,uber
1748,sobrev
1749,perd
1750,obten
1751,beneficios<img
1752,compart
1753,repart
1754,domicili
1755,crecient
1756,global
1757,diner
1758,clientel
1759,mejor
1760,balanc
1761,ocul
1762,goma<img
1763,conversacion
1764,oscar
1765,vivi
1766,valor
1767,templ
1768,enterez
1769,actualiz
1770,final
1771,endurec
1772,migratori
1773,medidas<img
1774,edouard
1775,philipp
1776,respond
1777,retom
1778,contempl
1779,volunt
1780,monopoli
1781,extrem
1782,eleccion
1783,ganador
1784,literari
1785,entre
1786,distincion
1787,galardon
1788,narrat
1789,grafic
1790,daval
1791,audienci
1792,conciliacion
1793,canal
1794,televis
1795,abog
1796,espinoz
1797,descart
1798,pretension
1799,indemnizatori
1800,recuperacion
1801,electrific
1802,tram
1803,puent
1804,alto<img
1805,vias
1806,recuper
1807,distrit
1808,financier
1809,sanhattan'<img
1810,post
1811,circul
1812,limit
1813,letr
1814,"chica""<img"
1815,record
1816,articul
1817,estipul
1818,obligatori
1819,reelect
1820,debut
1821,deber
1822,dich
1823,correri
1824,detuv
1825,vicesuperintendent
1826,compania<img
1827,voluntari
1828,escen
1829,carr
1830,vehicul
1831,catherin
1832,deneuve<img
1833,rodaj
1834,promocion
1835,entrev
1836,pareci
1837,actriz
1838,ictus
1839,hospital
1840,frenet
1841,comercial
1842,chin
1843,ee.uu
1844,aranceles<img
1845,pact
1846,gigant
1847,const
1848,etap
1849,elimin
1850,mutu
1851,rafael
1852,corre
1853,teng
1854,capon
1855,chap
1856,"juntos""<img"
1857,brome
1858,exlider
1859,latinoamerican
1860,amanec
1861,camioneros<img
1862,congestion
1863,minim
1864,amenaz
1865,avances<img
1866,constructor
1867,salfacorp
1868,descendi
1869,financ
1870,security
1871,retroces
1872,inversion
1873,concentr
1874,compani
1875,enfoqu
1876,categoria<img
1877,jueg
1878,esperanz
1879,rojit
1880,brasilen
1881,scratch
1882,cristi
1883,leiv
1884,octav
1885,categori
1886,disput
1887,tierr
1888,carioc
1889,figur
1890,joan
1891,cruz
1892,convirti
1893,anot
1894,justif
1895,particular
1896,debid
1897,"autorizado""<img"
1898,proced
1899,abord
1900,furgon
1901,particul
1902,correspondi
1903,seccion
1904,jefatur
1905,elabor
1906,cartill
1907,condicion
1908,enter
1909,sensibl
1910,algo
1911,vist
1912,protagon
1913,atrap
1914,flamant
1915,billeter
1916,capt
1917,meganotici
1918,cuestion
1919,larrain
1920,cuest
1921,solt
1922,trenz
1923,pens
1924,altir
1925,aplaud
1926,indicacion
1927,establezc
1928,diet
1929,altos
1930,estado<img
1931,virtud
1932,formul
1933,fijacion
1934,walk
1935,incid
1936,indirect
1937,remuner
1938,asign
1939,empat
1940,universitario<img
1941,universitari
1942,espect
1943,estadi
1944,compromis
1945,atract
1946,campeonat
1947,cayend
1948,hinch
1949,glob
1950,alusion
1951,tabl
1952,azul
1953,punter
1954,balin
1955,gam<img
1956,contrast
1957,seguidill
1958,ortiz
1959,port
1960,chaquet
1961,acredit
1962,mistral
1963,urgenci
1964,intoler
1965,mansalv
1966,"civiles""<img"
1967,advertent
1968,norteamerican
1969,subi
1970,requier
1971,pega<img
1972,mostrador
1973,feder
1974,joannon
1975,emplaz
1976,coyuntur
1977,adopt
1978,buenism
1979,mand
1980,advirti
1981,emocion
1982,adult
1983,quillota<img
1984,imagen
1985,divulg
1986,material
1987,viraliz
1988,rapid
1989,ancian
1990,quillot
1991,abraz
1992,manteni
1993,bale
1994,instru
1995,respondi
1996,realic
1997,jeannett
1998,wolffersdorff
1999,desiguald
2000,repens
2001,elit
2002,"patrimonio""<img"
2003,equit
2004,existent
2005,automatizacion
2006,planteamient
2007,observatori
2008,gast
2009,bols
2010,ojal
2011,conviert
2012,solucion
2013,empresarial
2014,extranjer
2015,endowments
2016,benefici
2017,dividend
2018,alask
2019,tabu
2020,anad
2021,modif
2022,refocaliz
2023,topic
2024,hector
2025,cossi
2026,convers
2027,bronfm
2028,adolf
2029,ibanez
2030,hass
2031,akram
2032,forest
2033,dieg
2034,portal
2035,compr
2036,famili
2037,pobr
2038,resquemor
2039,poblacion
2040,clamor
2041,"ciudadania""<img"
2042,lambert
2043,cistern
2044,reconoci
2045,aboc
2046,resort
2047,manten
2048,normalizacion
2049,reiter
2050,escuch
2051,antes
2052,finaliz
2053,prens
2054,ningun
2055,ivan
2056,aturd
2057,"dado""<img"
2058,insuficient
2059,provenient
2060,autocrit
2061,parlament
2062,muchisim
2063,entrad
2064,prioritari
2065,nadi
2066,creyeron
2067,puntit
2068,pesit
2069,cosit
2070,alla
2071,rabi
2072,conten
2073,prevencion
2074,delit
2075,asum
2076,barnechea<img
2077,cercan
2078,palaci
2079,mantien
2080,hurac
2081,negoci
2082,irregular
2083,comand
2084,miguel
2085,fuente-alb
2086,ditec
2087,vinculacion
2088,concesionari
2089,land
2090,volv
2091,jagu
2092,porsch
2093,vendi
2094,cien
2095,adquisicion
2096,reapareci
2097,defiend
2098,quit
2099,burg
2100,confianz
2101,autonomi
2102,persecutor
2103,competent
2104,aspect
2105,cancelacion
2106,greenpeac
2107,mati
2108,asun
2109,cumbr
2110,fracas
2111,terram
2112,flavi
2113,liberon
2114,perdi
2115,larg
2116,fluj
2117,estimado<img
2118,alfred
2119,moren
2120,concesion
2121,elizald
2122,maldon
2123,"ps,el"
2124,consensu
2125,"minimo,nuev"
2126,tributari
2127,gratis
2128,medicament
2129,estos
2130,orig
2131,emergi
2132,distint
2133,reci
2134,homicidi
2135,golpiz
2136,abus
2137,sexual
2138,comet
2139,monitore
2140,mision
2141,interamerican
2142,preocupacion
2143,rights
2144,watch
2145,amnisti
2146,cae<img
2147,renovacion
2148,credit
2149,aval
2150,afectari
2151,gratuid
2152,implementacion
2153,"conjunto""<img"
2154,ejes
2155,coordin
2156,esfuerz
2157,sistematiz
2158,fortalec
2159,insist
2160,ment
2161,conjunt
2162,malls
2163,acto
2164,quilicur
2165,dominical
2166,sigu
2167,tonic
2168,reaviv
2169,yend
2170,quint
2171,boicot
2172,acost
2173,superari
2174,facil
2175,atend
2176,temor
2177,estadist
2178,antecesor
2179,"empresa""<img"
2180,consecuent
2181,sincer
2182,optim
2183,gatill
2184,evident
2185,invent
2186,consumidor
2187,inconsistent
2188,octubre<img
2189,ventur
2190,apel
2191,justific
2192,toqu
2193,despleg
2194,abarc
2195,desplieg
2196,atencion
2197,talquin
2198,proyectil
2199,coincid
2200,confi
2201,crisis<img
2202,obtuv
2203,microdat
2204,nucle
2205,mileni
2206,desoc
2207,cohesion
2208,coes
2209,semanal
2210,cadem
2211,aplac
2212,reprobacion
2213,magr
2214,lastarria<img
2215,agres
2216,centric
2217,lastarri
2218,grit
2219,aquel
2220,espionaj
2221,yasn
2222,provost
2223,navarr
2224,juguet
2225,aguil
2226,timonel
2227,agrupacion
2228,perez
2229,"unico""<img"
2230,acept
2231,silenci
2232,extens
2233,londr
2234,cobertur
2235,eleg
2236,enorm
2237,metod
2238,increp
2239,confund
2240,cometi
2241,instruccion
2242,compromet
2243,racional
2244,sentenci
2245,agreg
2246,dar<img
2247,aferr
2248,certez
2249,seguir
2250,siend
2251,guion
2252,sort
2253,categor
2254,abrum
2255,despiert
2256,calient
2257,todavi
2258,tendenci
2259,apunt
2260,retras
2261,abrirs
2262,desfond
2263,recalc
2264,volubl
2265,obligacion
2266,ocurri
2267,principi
2268,claudi
2269,abrir
2270,implic
2271,"poder""<img"
2272,cientist
2273,abra
2274,clav
2275,evopoli
2276,depender
2277,consistent
2278,manteng
2279,provoqu
2280,pabl
2281,cabrer
2282,intu
2283,diplomat
2284,diplomaci
2285,aprovech
2286,expertis
2287,agot
2288,intermediari
2289,iglesi
2290,academi
2291,autosuficient
2292,conoci
2293,convivent
2294,signif
2295,atropell
2296,diagonal
2297,paraguay<img
2298,atraves
2299,paraguay
2300,patrull
2301,veloc
2302,reaccion
2303,dimension
2304,band
2305,opositor
2306,minimiz
2307,parapet
2308,estas
2309,regl
2310,ximen
2311,guilli
2312,estructurales<img
2313,atravies
2314,candidat
2315,liderazg
2316,rang
2317,"aceptable""<img"
2318,tarif
2319,dominguez
2320,evalu
2321,prioriz
2322,dond
2323,desmarc
2324,companer
2325,abiert
2326,mied
2327,exit
2328,portugal
2329,colombi
2330,eligi
2331,eventual
2332,legitim
2333,minut
2334,ejes<img
2335,camara<img
2336,valdivies
2337,criteri
2338,repolitiz
2339,logic
2340,"tradicional""<img"
2341,contien
2342,arist
2343,rebelion
2344,entrevist
2345,expect
2346,sentimient
2347,identif
2348,concept
2349,equid
2350,campeon
2351,peor
2352,cantid
2353,ojos
2354,antidisturbios<img
2355,lugar
2356,israel
2357,traum
2358,salvador
2359,antidisturbi
2360,taxistas<img
2361,gubernamental
2362,demor
2363,tiempo<img
2364,petitori
2365,edicion
2366,pasit
2367,inciert
2368,termometr
2369,salv
2370,acot
2371,surg
2372,defin
2373,mecan
2374,convencion
2375,mixt
2376,contradiccion
2377,olvid
2378,discurs
2379,mil<img
2380,aquell
2381,ofert
2382,contradic
2383,provendr
2384,estabilizacion
2385,fees
2386,ahorr
2387,excepcional
2388,center<img
2389,cercani
2390,tobal
2391,mall
2392,puntual
2393,avis
2394,altavoc
2395,recint
2396,deponi
2397,intervendri
2398,arrati
2399,condonacion
2400,"alternativas""<img"
2401,opcion
2402,deud
2403,estudiantil
2404,parec
2405,delic
2406,remat
2407,inequit
2408,puntualiz
2409,admision
2410,incongruent
2411,malle
2412,apareci
2413,colg
2414,comisari
2415,penaflor<img
2416,suicidi
2417,huinch
2418,fraz
2419,descosi
2420,deces
2421,exparej
2422,infring
2423,madrug
2424,siguient
2425,tesis
2426,celd
2427,dorm
2428,universal
2429,reinstal
2430,lucr
2431,"inicial""<img"
2432,tramit
2433,send
2434,normalidad<img
2435,sucedi
2436,merm
2437,exent
2438,minsal
2439,protocolos<img
2440,reparacion
2441,integral
2442,indemnizacion
2443,simbol
2444,repeticion
2445,exasesor
2446,necesitansenor
2447,convulsion
2448,pretender
2449,ninez
2450,proteccion
2451,desigual
2452,mundosenor
2453,turbulent
2454,tapet
2455,brech
2456,simpl
2457,paz?<img
2458,toler
2459,ddhh
2460,piens
2461,promov
2462,atent
2463,valid
2464,enemig
2465,futbol
2466,replic
2467,terremot
2468,socialaunqu
2469,rebeldi
2470,atest
2471,cotidian
2472,sald
2473,veinten
2474,siqu
2475,sanguinari
2476,dictador
2477,august
2478,consegu
2479,indes
2480,emul
2481,democratica<img
2482,aisl
2483,contribu
2484,restaur
2485,temporal
2486,precipit
2487,dilacion
2488,innecesari
2489,abriend
2490,iguald
2491,primerxs
2492,alienigenas<img
2493,habr
2494,todxs
2495,cabrxs
2496,fueron
2497,gest
2498,modelolueg
2499,debies
2500,column
2501,postdictadur
2502,articulacion
2503,iberoamerican
2504,etic
2505,noticia<img
2506,envergadur
2507,remont
2508,constitu
2509,reivindicacion
2510,incurr
2511,medicamentos?
2512,reorden
2513,decidid
2514,instalacion
2515,nuevoefect
2516,incolum
2517,dobl
2518,efectu
2519,colera<img
2520,vers
2521,post-estallido-social
2522,honest
2523,anglosajon
2524,deliber
2525,renov
2526,embarc
2527,ideologi
2528,agenci
2529,inexcus
2530,incomprensible<img
2531,veni
2532,expertici
2533,pnud
2534,antelacion
2535,profusion
2536,acumul
2537,deform
2538,incumpl
2539,inequ
2540,oasis
2541,sorder
2542,usted<img
2543,extravi
2544,madurez
2545,sensatez
2546,autoconvoc
2547,jerarquiz
2548,irem
2549,alegr
2550,sarten
2551,guitarr
2552,creativ
2553,paris
2554,capac
2555,representat
2556,socorr
2557,deven
2558,percib
2559,superficial
2560,resolv
2561,trab
2562,chilel
2563,pontifici
2564,firmant
2565,acaec
2566,escrib
2567,canc
2568,chilesenor
2569,cuand
2570,enfermed
2571,sintom
2572,determin
2573,continuacion
2574,deseabl
2575,pali
2576,dolor
2577,fiebr
2578,tratamient
2579,historica<img
2580,corr
2581,dificil
2582,desprestigi
2583,durez
2584,discern
2585,equivocado?<img
2586,tecnologi
2587,elaboracion
2588,ambit
2589,proposit
2590,inedit
2591,merec
2592,verd
2593,alianz
2594,redistribut
2595,branc
2596,milanovic
2597,experient
2598,reduj
2599,certer
2600,colofon
2601,revolu
2602,emerg
2603,destitucion
2604,impunidadsenor
2605,leer
2606,lector
2607,gallinit
2608,cieg
2609,conocer
2610,viej
2611,pasatiemp
2612,anestesia?<img
2613,percept
2614,reflex
2615,retrotr
2616,atras
2617,implicari
2618,suert
2619,ceguer
2620,sustant
2621,elocuent
2622,anestesi
2623,educacion<img
2624,permanec
2625,decadent
2626,accesori
2627,arnold
2628,toynbe
2629,durm
2630,nietzsch
2631,concienci
2632,paradigm
2633,abismal<img
2634,conquist
2635,aman
2636,innov
2637,transicion
2638,convien
2639,prefer
2640,territorial
2641,cristaliz
2642,omit
2643,modernizacion
2644,amarg
2645,anem
2646,abuel
2647,desgraci
2648,desmoraliz
2649,despolitiz
2650,ecuacion
2651,algoritm
2652,artificial
2653,realid
2654,resuelta<img
2655,reconcili
2656,liberalizacion
2657,median
2658,paus
2659,antagon
2660,naturalez
2661,choqu
2662,america<img
2663,distanci
2664,indeseablesenor
2665,enfatiz
2666,previsional
2667,hered
2668,sentiri
2669,culp
2670,significari
2671,quintrales?senor
2672,sobrevien
2673,sopeton
2674,impos
2675,conmocion
2676,separ
2677,trig
2678,distingu
2679,component
2680,ausent
2681,apacigu
2682,vulner
2683,subsidi
2684,socialdemocraci
2685,socioeconom
2686,socialdemocrat
2687,estil
2688,finlandi
2689,ritm
2690,ocde
2691,gasfiteri
2692,soci
2693,vilipendi
2694,eficient
2695,bienest
2696,narc
2697,adiccion
2698,madr
2699,inteligencia<img
2700,fall
2701,concert
2702,infraestructur
2703,mentir
2704,descarada<img
2705,calumni
2706,injuri
2707,persegu
2708,ofend
2709,procedent
2710,juec
2711,alzamient
2712,racionaliz
2713,gigantesc
2714,neoliberal
2715,conform
2716,sido<img
2717,comprension
2718,sorprend
2719,siutiqueri
2720,analit
2721,reventon
2722,lectur
2723,feroz
2724,escrit
2725,cuiqueri
2726,flaite<img
2727,generaliz
2728,salida<img
2729,persistent
2730,inclusiv
2731,radicalizacion
2732,favoreceri
2733,promisori
2734,darl
2735,credibil
2736,diagnostic
2737,insistent
2738,maniobr
2739,conduc
2740,bancarrot
2741,representacion
2742,vital
2743,afin
2744,apreciacion
2745,titular
2746,poder
2747,asumirh
2748,cans
2749,agobi
2750,interpret
2751,cristian
2752,quiz
2753,violencia<img
2754,aflor
2755,desquici
2756,inacept
2757,lump
2758,delincuent
2759,neoliberal<img
2760,fratern
2761,oligarqui
2762,burocrat
2763,recaud
2764,terci
2765,pront
2766,concretos<img
2767,prolong
2768,ethos
2769,especulacion
2770,afiebr
2771,autoritari
2772,absurd
2773,lentitud
2774,armar
2775,perspect
2776,interlocucion
2777,contundent
2778,satisfag
2779,aparec
2780,nieg
2781,propong
2782,inabarc
2783,remocion
2784,agitacion
2785,electoral
2786,triunf
2787,urnas
2788,imprescind
2789,michell
2790,gobernabilidad<img
2791,audaci
2792,generari
2793,canaliz
2794,posit
2795,contrarrest
2796,imgh
2797,eliminacion
2798,exencion
2799,excepcion
2800,homogeneizacion
2801,simultan
2802,financi
2803,decil
2804,estand
2805,magnitud
2806,apertur
2807,sintonic
2808,paquet
2809,orden<img
2810,eufem
2811,defensor
2812,ocasion
2813,inusit
2814,salvaj
2815,anarqui
2816,derrot
2817,desigualdad<img
2818,explosion
2819,malest
2820,multipl
2821,trasfond
2822,transversal<img
2823,esfer
2824,alcanc
2825,soborn
2826,avecin
2827,erradicacion
2828,plag
2829,flagel
2830,suscrib
2831,obligatoried
2832,exhortacion
2833,rubilar)<img
2834,impun
2835,informal
2836,socav
2837,drastic
2838,eficaci
2839,transcurr
2840,escandal
2841,eufemist
2842,etiquet
2843,ilegal
2844,expolit
2845,pres
2846,defraudacion
2847,falsificacion
2848,chileno<img
2849,homolog
2850,existi
2851,panguipulli
2852,obrer
2853,jornal
2854,patron
2855,apropi
2856,exigent
2857,pulperi
2858,tiend
2859,inaccesibil
2860,canjeabl
2861,desigualdadsenor
2862,desman
2863,plac
2864,tecton
2865,desplaz
2866,genuin
2867,propiedad?senor
2868,podi
2869,sacari
2870,pretendi
2871,sacerdoci
2872,varon
2873,casados<img
2874,conclu
2875,sinod
2876,amazoni
2877,signific
2878,obisp
2879,peru
2880,surinam
2881,guayan
2882,frances
2883,tare
2884,evangeliz
2885,incompetencia<img
2886,ejemplar
2887,fidedign
2888,debacl
2889,viend
2890,inimagin
2891,servicios?<img
2892,portug
2893,usuari
2894,constitucional<img
2895,optar
2896,tramp
2897,civic
2898,statu
2899,minori
2900,equival
2901,desech
2902,avies
2903,favorezc
2904,politicos?senor
2905,grieg
2906,concib
2907,aristotel
2908,arquitecton
2909,huella<img
2910,grues
2911,palabrot
2912,decen
2913,esquiv
2914,invadi
2915,esquin
2916,capitalin
2917,requer
2918,amabl
2919,chof
2920,administracion
2921,ff.a
2922,cesim
2923,intern
2924,ricard
2925,martinez
2926,contralor
2927,republ
2928,panoram
2929,mundial<img
2930,conclusion
2931,incertidumbr
2932,insum
2933,pospong
2934,creacion
2935,subinversion
2936,asignacion
2937,debilit
2938,debil
2939,sugier
2940,crecer
2941,intencion
2942,configur
2943,traz
2944,abol
2945,sobremes
2946,indigen
2947,actitud?<img
2948,entonc
2949,estament
2950,mapuch
2951,incorpor
2952,calor
2953,plurinacional
2954,interes
2955,plasm
2956,instrument
2957,plural
2958,islamico<img
2959,tumb
2960,convirt
2961,peregrinaj
2962,seguidor
2963,hong
2964,kong
2965,prohib
2966,wong
2967,comici
2968,locales<img
2969,candidatur
2970,autodeterminacion
2971,weissm
2972,albert
2973,fernandez<img
2974,peron
2975,fernandez
2976,trasandin
2977,desayun
2978,elect
2979,maurici
2980,macri
2981,bakr
2982,baghdadi
2983,islam
2984,imperi
2985,oriente<img
2986,inmol
2987,derrumb
2988,tunel
2989,escond
2990,american
2991,siri
2992,lacall
2993,uruguay
2994,vuelta<img
2995,votant
2996,elegir
2997,cuart
2998,mandat
2999,suramerican
3000,devuelv
3001,poder<img
3002,escrut
3003,impus
3004,sufragi
3005,supon
3006,pronostic
3007,oficiales<img
3008,balotaj
3009,victori
3010,holg
3011,abren
3012,uruguay<img
3013,cumpli
3014,profeci
3015,allend
3016,"jara""<img"
3017,repercusion
3018,venezolan
3019,bolsonar
3020,inest
3021,prepar
3022,semej
3023,devolv
3024,calm
3025,rompi
3026,guardi
3027,interrump
3028,vacil
3029,emisor
3030,promulg
3031,calent
3032,trump
3033,apriet
3034,disen
3035,interrogatori
3036,politico<img
3037,abriert
3038,indeb
3039,ucrani
3040,republican
3041,desestabiliz
3042,injerent
3043,exacerb
3044,division
3045,interfir
3046,quieranl
3047,"oligarquia""<img"
3048,impresion
3049,represion
3050,turc
3051,regal
3052,chocolat
3053,intervencion
3054,belic
3055,tension
3056,ofens
3057,tayyip
3058,erdog
3059,pretend
3060,alej
3061,milici
3062,kurd
3063,fronter
3064,repatri
3065,refugi
3066,territori
3067,turqui
3068,audiovisual
3069,ofrend
3070,felic
3071,agradec
3072,despid
3073,embosc
3074,muertos<img
3075,asesin
3076,asent
3077,chihuahu
3078,morales<img
3079,visper
3080,exigir
3081,exjuez
3082,garzon
3083,ofrezc
3084,"pinera""<img"
3085,espan
3086,blanqu
3087,venc
3088,terc
3089,clasificatori
3090,unidad
3091,delanter
3092,barcelon
3093,alexis
3094,cardiff
3095,ingles
3096,gary
3097,medel
3098,laps
3099,clasific
3100,nuno
3101,apuest
3102,tvosc
3103,landerretch
3104,bengole
3105,elmomerc
3106,apne
3107,graso<img
3108,experiment
3109,vitr
3110,animal
3111,demostr
3112,interrupcion
3113,transitori
3114,oxigenacion
3115,inflamatori
3116,gras
3117,deriv
3118,cirrosis
3119,hepat
3120,usan
3121,gusan
3122,celul
3123,tumoral
3124,humanas<img
3125,permitir
3126,implicacion
3127,mutacion
3128,patologi
3129,diferente<img
3130,contencion
3131,socializ
3132,comunicacion
3133,estimul
3134,angusti
3135,confusion
3136,asombr
3137,promet
3138,grip
3139,definitivamente<img
3140,vacun
3141,demasi
3142,prometedor
3143,arterial
3144,dormir<img
3145,dosis
3146,ayud
3147,corazon
3148,recomiend
3149,recomend
3150,autocuid
3151,actual<img
3152,humor
3153,nervi
3154,irrit
3155,alter
3156,sient
3157,mejor<img
3158,fisic
3159,mental
3160,emocional
3161,conflictos<img
3162,sobrepas
3163,significacion
3164,aconsej
3165,psicolog
3166,ortorexi
3167,vici
3168,sana<img
3169,azuc
3170,fritur
3171,padec
3172,borr
3173,afan
3174,enferm
3175,cigarrill
3176,electron
3177,evali<img
3178,extran
3179,verdader
3180,afeccion
3181,pulmon
3182,detect
3183,linfedem
3184,manifieste<img
3185,autonom
3186,revist
3187,lymphatic
3188,research
3189,biology
3190,biomarc
3191,deteccion
3192,pacient
3193,realment
3194,popular
3195,terapi
3196,usan?<img
3197,clinic
3198,demenci
3199,autism
3200,esclerosis
3201,paralisis
3202,cerebral
3203,aliment
3204,cerebr
3205,nutrient
3206,equilibr
3207,consum
3208,halloween<img
3209,sobrepes
3210,obes
3211,cooperacion
3212,porcion
3213,salg
3214,dulc
3215,color
3216,maravill
3217,huevo<img
3218,hermos
3219,fragil
3220,misteri
3221,metafor
3222,descubr
3223,nutricion
3224,verdad
3225,alergi
3226,alimentarias<img
3227,preven
3228,superbacteri
3229,infeccion
3230,vencida<img
3231,patterson
3232,resistent
3233,antibiot
3234,sobreviviri
3235,graci
3236,microsoft
3237,report
3238,filial
3239,japones
3240,comport
3241,japon
3242,somet
3243,extras
3244,mensual
3245,busqued
3246,sanguin
3247,catalina<img
3248,campan
3249,donant
3250,compat
3251,gemel
3252,genet
3253,estab
3254,diciembr
3255,mapoch
3256,arrastr
3257,tradicion
3258,mexicana<img
3259,mexican
3260,peculi
3261,cult
3262,zambr
3263,vislumbr
3264,"comienzo""<img"
3265,jazz
3266,chileurop
3267,chillan<img
3268,pati
3269,bellav
3270,chill
3271,diecioch
3272,liber
3273,naci
3274,aler
3275,goethe-institut
3276,sorprendent
3277,exposicion
3278,fotograf
3279,bellez
3280,exhib
3281,benj
3282,iglesis
3283,marin
3284,despierta<img
3285,expresion
3286,primit
3287,estoy
3288,john
3289,blacking
3290,musical
3291,instint
3292,atra
3293,sonor
3294,cancion
3295,dibuj
3296,motor
3297,transform
3298,boss
3299,marinh
3300,boff
3301,reina<img
3302,vicent
3303,bianchi
3304,echeniqu
3305,tarjet
3306,pianist
3307,rend
3308,alarcon
3309,suec
3310,estrech
3311,conciert
3312,explan
3313,reabrir
3314,pierd
3315,devast
3316,tremend
3317,problemat
3318,pertinent
3319,biomed
3320,facult
3321,medicin
3322,florenci
3323,tevy
3324,bioquim
3325,gedis
3326,biotech
3327,lineamient
3328,estrateg
3329,stern
3330,conect
3331,"entero""<img"
3332,cantautor
3333,magdalen
3334,matthey
3335,tagu
3336,carm
3337,vicun
3338,ququ<img
3339,ququ
3340,pintur
3341,abund
3342,visual
3343,personaj
3344,suger
3345,tizn
3346,ismael
3347,poesi
3348,racim
3349,definit
3350,panfletari
3351,literal
3352,burd
3353,imaginari
3354,omin
3355,grotesc
3356,implicit
3357,ambigu
3358,lenw
3359,youtub
3360,disc
3361,solist
3362,plataform
3363,raper
3364,solitari
3365,discordia<img
3366,vestigi
3367,conmemor
3368,mais
3369,"ambiental""<img"
3370,entiend
3371,climatolog
3372,miopi
3373,"socioambiental""<img"
3374,oceanografi
3375,enfat
3376,extra
3377,ocean
3378,explot
3379,desmed
3380,frustracion
3381,impotent
3382,planetari
3383,socio-ecolog
3384,sobrevivent
3385,sabiduri
3386,socio-ambiental
3387,idiotas<img
3388,idiot
3389,savant
3390,usab
3391,insult
3392,xviii
3393,contrapart
3394,lettr
3395,especular
3396,ambos
3397,literatur
3398,ficcion
3399,revis
3400,cansanci
3401,mast
3402,rebolled
3403,impec
3404,cronic
3405,juventud
3406,doisneau
3407,condes<img
3408,revolt
3409,apoquind
3410,admit
3411,recinto<img
3412,emili
3413,presupuest
3414,consideracion
3415,matucan
3416,explicit
3417,presupuestari
3418,notiz
3419,diaz
3420,arte<img
3421,lyon
3422,dpto
3423,leon
3424,a.m.a
3425,archiv
3426,memori
3427,periodist
3428,narracion
3429,rostr
3430,elizabeth
3431,subercaseaux
3432,xx<img
3433,recabarr
3434,alessandri
3435,palm
3436,camp
3437,aguirr
3438,frei
3439,montalv
3440,iris
3441,echeverri
3442,elen
3443,caffaren
3444,baradit
3445,nescaf
3446,artes<img
3447,montt
3448,lluvi
3449,espectacul
3450,mezcl
3451,sensibil
3452,blad
3453,runn
3454,prediccion
3455,tecnolog
3456,equivoc
3457,cumplirse<img
3458,angel
3459,urban
3460,android
3461,bioingenieri
3462,rebel
3463,ellos
3464,farias<img
3465,folclor
3466,locutor
3467,creador
3468,cant
3469,rendir
3470,civilizacion
3471,humana<img
3472,individu
3473,rasg
3474,hereditari
3475,descendent
3476,viabl
3477,descendient
3478,literatura<img
3479,esboz
3480,extranez
3481,abre
3482,cicl
3483,matt
3484,cultural<img
3485,kennedy
3486,vitacur
3487,referent
3488,martin
3489,scorses
3490,entreten
3491,"cine""<img"
3492,defendi
3493,cinematograf
3494,marvel
3495,perjudic
3496,richard
3497,desolacion
3498,belleza<img
3499,crud
3500,soled
3501,sinsent
3502,tint
3503,sombri
3504,convivi
3505,desesper
3506,talent
3507,sacc
3508,"cultural""<img"
3509,ilustr
3510,veteran
3511,curt
3512,batall
3513,ilustracion
3514,comic
3515,comienc
3516,ilumin
3517,inspir
3518,solidific
3519,bordaton
3520,chiachi
3521,giannon
3522,croxatt
3523,galeria<img
3524,pastor
3525,golf
3526,conversatori
3527,sufrimient
3528,incalcul
3529,climatico<img
3530,inequivoc
3531,monitor
3532,multitud
3533,batuc
3534,zorrill
3535,lanzaagu
3536,piquet
3537,camil
3538,vallej
3539,karol
3540,cariol
3541,roci
3542,pimient
3543,distancia<img
3544,desnud
3545,interpel
3546,mortal
3547,produj
3548,edifici
3549,prest
3550,josu
3551,maureir
3552,apal
3553,swett
3554,agrand
3555,bolsill
3556,"duela""<img"
3557,cuot
3558,orej
3559,chic
3560,sweet
3561,barrer
3562,dand
3563,preparacion
3564,retroceso<img
3565,ranking
3566,digitalizacion
3567,dispon
3568,pla<img
3569,cuna<img
3570,fuertement
3571,educ
3572,parvul
3573,dependient
3574,gret
3575,thunberg
3576,esperar
3577,"informacion""<img"
3578,estrell
3579,juvenil
3580,quintero-puchuncavi
3581,turism
3582,calcul
3583,hari
3584,deleg
3585,external
3586,funcionando<img
3587,terminal
3588,bander
3589,chile?<img
3590,colaboracion
3591,reciproc
3592,udec
3593,huichaque
3594,lenguaj
3595,transfob
3596,machist
3597,especistas<img
3598,fernand
3599,gutierrez
3600,licenci
3601,hispan
3602,rios
3603,unieron
3604,lgbtiq
3605,fobic
3606,espec
3607,sexist
3608,plastic
3609,recolector
3610,basura?<img
3611,holandes
3612,cleanup
3613,recolect
3614,basur
3615,esplendid
3616,espeluznantescastill
3617,vampir
3618,monstru
3619,fantasm
3620,munec
3621,mutil
3622,turist
3623,genial
3624,imitacion
3625,stef
3626,kram
3627,recoleta<img
3628,comedi
3629,imit
3630,rutin
3631,asistent
3632,rencor
3633,burl
3634,nepot
3635,fortun
3636,apreci
3637,insigni
3638,icon
3639,danc
3640,femenin
3641,inclusion
3642,andino-amazon
3643,vend
3644,complic
3645,usada<img
3646,patrimoniales<img
3647,romp
3648,porton
3649,vandaliz
3650,muebl
3651,pertenent
3652,asever
3653,cecili
3654,garcia-huidobr
3655,escob
3656,urge
3657,neurosex
3658,neurocient
3659,distintos<img
3660,morir
3661,goic
3662,manifestaciones<img
3663,confus
3664,notori
3665,escribi
3666,amig@s
3667,agred
3668,recibi
3669,carabdechil
3670,agradezc
3671,tod@s
3672,milic
3673,cacerole
3674,cacerol
3675,senor
3676,discuti
3677,opuest
3678,aric
3679,compartir
3680,rural
3681,jallal
3682,mallku
3683,nin@s
3684,filmin'ar
3685,inusual
3686,tarapac
3687,aglomer
3688,afuer
3689,cantic
3690,matrimoni
3691,igualitario<img
3692,harbo
3693,alfons
3694,urresti
3695,huenchumill
3696,unanim
3697,lgtb
3698,megasequi
3699,gubernamentales<img
3700,presid
3701,priorizacion
3702,instanci
3703,desnudamiento<img
3704,vagin
3705,reten
3706,campus
3707,sebastian<img
3708,atonit
3709,regeneracion
3710,complejas<img
3711,extraccion
3712,sangr
3713,prduc
3714,concentracion
3715,debilitacion
3716,reencontrarnos<img
3717,espontane
3718,auxili
3719,migrant
3720,limpiez
3721,excelent
3722,delant
3723,enad
3724,alist
3725,empresarial<img
3726,bosch
3727,viviann
3728,blanlot
3729,paol
3730,cune
3731,murill
3732,brown
3733,capponi
3734,sandr
3735,solari
3736,revent
3737,schmidt
3738,avion
3739,vuel
3740,americ
3741,airlin
3742,presentacion
3743,carter
3744,washington
3745,pormenor
3746,muev
3747,divergent
3748,dijeron
3749,extend
3750,vision
3751,saldri
3752,telecomun
3753,fontain
3754,desproteccion<img
3755,videocomentari
3756,circunst
3757,desproteccion
3758,whatsapp
3759,libano<img
3760,arancel
3761,centav
3762,domin
3763,ondas
3764,internet
3765,mensajeri
3766,gratuit
3767,facebook
3768,ians
3769,linar
3770,postor<img
3771,agricol
3772,reconviert
3773,escase
3774,essbi
3775,sext
3776,radial<img
3777,rancagu
3778,refir
3779,yanez
3780,beijing
3781,determinacion
3782,incumbent
3783,abrupt
3784,noticiario<img
3785,badill
3786,andre
3787,vial
3788,buln
3789,desp
3790,enriqu
3791,mujic
3792,otras
3793,bienven
3794,adorn
3795,scl<img
3796,premur
3797,connecting
3798,peopl
3799,building
3800,welcom
